ISO,pho,con,son,obs,vow,mon,qua,ton,fam,genus,geoLat,geoLong,pop,logPop
aal,36,27,6,21,9,9,9,0,afas,Biu-Mandara,12:30,14:40,31000,4.491361694
aau,14,9,5,4,5,5,5,0,sepr,Upper Sepik,-4:0,141:10:00,7270,3.861534411
abi,39,21,7,14,18,18,9,0,ncon,Kwa,5:40,0,50500,4.703291378
abt,24,17,12,5,7,7,6,0,sepr,Middle Sepik,0,143:05:00,44000,4.643452676
ace,55,21,8,13,34,17,10,0,anes,Malayic,4:00,97:30:00,3500000,6.544068044
acv,23,17,6,11,6,6,6,0,hoka,Palaihnihan,41:05:00,#VALUE!,16,1.204119983
ada,39,23,8,15,12,12,7,4,ncon,,6:40,0:05,8.00E+05,5.903089987
adj,31,21,8,13,7,7,7,3,ncon,Kwa,5:40,4:30,1.00E+05,5
adn,40,18,6,12,22,12,7,0,trng,Greater Alor,0,124:24:00,31800,4.50242712
adz,25,18,6,12,7,7,4,0,anes,Oceanic,,,28900,4.460897843
ael,51,38,17,21,10,10,10,3,ncon,,5:56,9:37,2600,3.414973348
aer,30,27,15,12,3,3,3,0,aust,Pama-Nyungan,#VALUE!,136:00:00,3820,3.582063363
aey,20,15,4,11,5,5,5,0,trng,Madang,0,145:40:00,5300,3.72427587
agm,21,12,7,5,9,7,5,0,trng,Angan,#VALUE!,146:20:00,2100,3.322219295
agq,35,25,8,17,10,10,10,0,ncon,Bantoid,6:39,10:00,26700,4.426511261
ags,37,29,11,18,8,8,8,0,ncon,,6:30,9:55,20000,4.301029996
ahg,39,28,8,20,7,7,7,4,afas,Central Cushitic,12:45,37:00:00,1650,3.217483944
ahk,41,28,6,22,13,13,10,0,sitb,Burmese-Lolo,21:10,101:30:00,2.00E+05,5.301029996
ahl,33,23,7,16,7,7,7,3,ncon,,6:40,0:40,6000,3.77815125
ahp,33,24,7,17,9,9,9,0,ncon,Kru,5:13,#VALUE!,6500,3.812913357
aht,35,30,5,25,5,5,5,0,nadn,Athapaskan,61:30:00,-145:0,35,1.544068044
ain,17,12,5,7,5,5,5,0,_ain,Ainu,43:00:00,143:00:00,15,1.176091259
ajg,45,28,8,20,12,12,7,5,ncon,Kwa,7:00,1:45,360000,5.556302501
aka,40,22,7,15,15,15,8,3,ncon,Kwa,6:30,0,8300000,6.919078092
ake,23,13,9,4,10,7,7,0,cari,Cariban,6:30,0,4500,3.653212514
akl,20,17,7,10,3,3,3,0,anes,Meso-Philippine,11:40,122:20:00,395000,5.596597096
akz,21,15,5,10,6,6,3,0,musk,Muskogean,30:45:00,#VALUE!,100,2
alc,19,16,6,10,3,3,3,0,alac,Alacalufan,#VALUE!,#VALUE!,12,1.079181246
ald,36,25,8,17,11,11,8,0,ncon,Kwa,5:13,#VALUE!,23000,4.361727836
ale,36,30,12,18,6,6,3,0,eska,Aleut,55:00:00,166:30:00,300,2.477121255
alh,28,23,17,6,5,5,4,0,aust,Maran,0,134:20:00,18,1.255272505
als,35,28,8,20,7,7,7,0,ieur,Albanian,41:00:00,20:00,2900000,6.462397998
aly,32,25,19,6,7,7,4,0,aust,Pama-Nyungan,#VALUE!,136:40:00,1450,3.161368002
amc,22,14,5,9,8,8,4,0,pano,Panoan,#VALUE!,-73:0,110,2.041392685
ame,29,23,8,15,6,6,3,0,arwk,Arawakan,#VALUE!,0,9830,3.992553518
amf,35,25,8,17,10,10,10,0,afas,South Omotic,5:10,36:30:00,42800,4.631443769
amh,59,52,12,40,7,7,7,0,afas,Semitic,12:00,38:00:00,17400000,7.240549248
amn,19,14,6,8,5,5,5,0,trng,Border,#VALUE!,141:10:00,4420,3.645422269
amo,35,25,8,17,10,10,10,0,ncon,Kainji,10:20,8:35,12300,4.089905111
amp,25,18,6,12,7,7,7,0,sepr,Sepik Hill,#VALUE!,143:15:00,1530,3.184691431
amu,37,25,12,13,12,12,7,0,otma,Amuzgoan,16:48,0,23000,4.361727836
anc,44,30,8,22,11,10,6,3,afas,West Chadic,9:30,9:30,4.00E+05,5.602059991
ann,37,22,9,13,12,12,6,3,ncon,Cross River,4:40,7:45,2.00E+05,5.301029996
ano,26,11,1,10,15,15,9,0,_ano,Andoke,0:35,-72:0,370,2.568201724
ant,23,17,12,5,6,6,3,0,aust,,#VALUE!,134:30:00,50,1.698970004
anu,47,19,9,10,24,20,10,4,nsah,Nilotic,7:30,34:30:00,52000,4.716003344
anv,30,22,7,15,8,8,8,0,ncon,,6:00,9:25,11200,4.049218023
aoj,22,17,4,13,5,5,5,0,torr,Kombio-Arapesh,#VALUE!,143:00:00,11000,4.041392685
aon,22,15,4,11,7,7,7,0,torr,,#VALUE!,142:50:00,4340,3.63748973
apd,62,54,13,41,8,8,3,0,afas,,,,1.50E+07,7.176091259
apj,56,34,4,30,19,19,7,3,nadn,Athapaskan,36:50:00,-107:0,680,2.832508913
apm,47,31,8,23,16,16,4,0,nadn,Athapaskan,33:15:00,0,1800,3.255272505
apn,49,14,5,9,35,35,11,0,macg,Ge-Kaingang,-6:0,#VALUE!,1260,3.100370545
apq,24,16,10,6,8,8,8,0,anda,Great Andamanese,12:00,92:40:00,10,1
apu,40,14,6,8,26,20,5,0,arwk,Arawakan,#VALUE!,0,4087,3.611404638
aqc,91,81,32,49,10,10,10,0,ncau,Lezgic,42:15:00,46:55:00,1200,3.079181246
are,29,26,20,6,3,3,3,0,aust,Pama-Nyungan,#VALUE!,133:45:00,1000,3
arg,45,33,21,12,12,5,5,0,ieur,,42:30:00,0:10,11000,4.041392685
arh,32,16,3,13,16,7,7,0,chib,Aruak,10:40,0,14800,4.170261715
arl,18,11,7,4,7,5,5,0,zapa,Zaparoan,-2:0,-75:0,50,1.698970004
arn,26,20,11,9,6,6,6,0,arcn,Araucanian,-39:0,-71:0,2.00E+05,5.301029996
arr,27,14,6,8,11,11,7,2,tupi,Ramarama,#VALUE!,#VALUE!,170,2.230448921
ary,78,74,19,55,4,4,3,0,afas,Semitic,32:30:00,#VALUE!,18800000,7.274157849
arz,67,58,12,46,9,9,4,0,afas,Semitic,31:00:00,31:00:00,52500000,7.720159303
atb,32,21,7,14,8,5,5,3,sitb,,24:13:00,98:14:00,80000,4.903089987
aty,26,21,9,12,5,5,5,0,anes,Oceanic,#VALUE!,169:50:00,900,2.954242509
auc,21,11,5,6,10,10,5,0,_auc,Waorani,-1:0,0,1650,3.217483944
auy,20,11,7,4,6,6,5,3,trng,Eastern Highlands,#VALUE!,145:45:00,11100,4.045322979
ava,49,44,20,24,5,5,5,0,ncau,Avar-Andic-Tsezic,43:20:00,47:00:00,744000,5.871572936
avt,17,10,5,5,7,7,6,0,torr,Wapei-Palei,#VALUE!,142:05:00,8000,3.903089987
avu,55,37,17,20,14,14,7,4,nsah,Moru-Madi,4:55,30:00:00,40000,4.602059991
awn,39,28,8,20,7,7,7,4,afas,Central Cushitic,10:50,36:40:00,5.00E+05,5.698970004
awx,25,19,6,13,6,6,6,0,trng,,#VALUE!,146:20:00,1870,3.271841607
ayl,50,34,9,25,16,8,8,0,afas,Semitic,29:00:00,28:00:00,4.00E+06,6.602059991
ayr,42,36,9,27,6,6,3,0,ayma,Aymaran,#VALUE!,-70:0,1790000,6.252853031
ayz,16,11,5,6,5,5,5,0,wpap,North-Central Birds Head,#VALUE!,132:40:00,20000,4.301029996
azb,34,25,4,21,9,9,9,0,altc,Turkic,35:50:00,44:15:00,11200000,7.049218023
azo,56,39,17,22,17,17,9,0,ncon,,5:52,10:17,19000,4.278753601
bak,38,27,7,20,11,11,11,0,altc,Turkic,55:00:00,55:00:00,1380000,6.139879086
bam,35,21,8,13,14,14,7,0,ncon,Western Mande,10:05,#VALUE!,2700000,6.431363764
bao,25,11,3,8,12,12,6,2,tucn,Tucanoan,0:25,#VALUE!,600,2.77815125
bas,41,29,15,14,7,7,7,5,ncon,Bantoid,4:00,10:30,230000,5.361727836
bav,82,56,34,22,17,17,9,9,ncon,Bantoid,6:07,10:25,27000,4.431363764
bax,38,28,9,19,10,10,10,0,ncon,Bantoid,5:40,10:50,215000,5.33243846
bba,30,18,6,12,12,12,7,0,ncon,Gur,10:20,2:30,460000,5.662757832
bbc,27,18,7,11,9,9,9,0,anes,Sumatra,2:30,99:30:00,2.00E+06,6.301029996
bbk,33,26,7,19,7,7,7,0,ncon,,6:05,10:19,22500,4.352182518
bbl,45,35,5,30,10,10,5,0,ncau,Nakh,42:30:00,45:30:00,3420,3.534026106
bbo,33,21,8,13,12,12,7,0,ncon,Western Mande,12:20,#VALUE!,35000,4.544068044
bbw,30,23,9,14,7,7,7,0,ncon,,6:07,10:31,24500,4.389166084
bbx,39,25,12,13,14,14,7,0,ncon,,4:00`N,9:15,600,2.77815125
bby,59,43,12,31,14,14,8,2,ncon,,6:20,10:00,2980,3.474216264
bca,29,18,8,10,11,11,11,0,sitb,Bai,,,8.00E+05,5.903089987
bce,50,39,15,24,11,11,11,0,ncon,,5:45,10:20,4000,3.602059991
bch,17,12,5,7,5,5,5,0,anes,,#VALUE!,148:45:00,1380,3.139879086
bci,23,16,4,12,7,7,7,0,ncon,Kwa,7:00,-5:0,2130000,6.328379603
bcj,24,17,12,5,7,7,4,0,aust,Nyulnyulan,#VALUE!,123:00:00,380,2.579783597
bcs,38,28,8,20,10,10,10,0,ncon,Cross River,5:55,8:00,30000,4.477121255
bdl,32,26,18,8,6,6,6,0,anes,Sama-Bajaw,#VALUE!,123:00:00,150000,5.176091259
bdr,23,17,8,9,6,6,6,0,anes,Sama-Bajaw,4:30,116:00:00,55000,4.740362689
bdu,29,22,13,9,7,7,7,0,ncon,Bantoid,4:48,9:18,106000,5.025305865
bdy,16,12,8,4,4,4,4,0,aust,Pama-Nyungan,#VALUE!,153:00:00,10,1
beh,27,14,6,8,10,10,6,3,ncon,,11:20,1:10,64500,4.809559715
bej,26,21,6,15,5,5,5,0,afas,Beja,19:00,36:00:00,951000,5.978180517
bem,25,15,7,8,10,10,5,0,ncon,,-10:0,31:00:00,3300000,6.51851394
ben,53,36,13,23,17,17,10,0,ieur,Indic,24:00:00,90:00:00,1.10E+08,8.041392685
beq,41,19,6,13,20,20,5,2,ncon,Bantoid,-4:0,14:00,3200,3.505149978
bev,37,24,9,15,13,13,13,0,ncon,Kru,6:50,#VALUE!,130000,5.113943352
bex,49,31,15,16,18,18,9,0,nsah,Bongo-Bagirmi,6:00,30:00:00,1.00E+05,5
bfd,49,21,7,14,18,18,9,10,ncon,Bantoid,6:10,10:10,105000,5.021189299
bfl,45,32,14,18,8,8,8,5,ncon,,8:00,22:00,35500,4.550228353
bfm,41,27,7,20,9,9,9,5,ncon,,6:20,10:15,35000,4.544068044
bfw,27,21,9,12,6,6,6,0,ausa,Munda,18:00,82:00:00,9000,3.954242509
bgj,40,27,7,20,9,9,9,4,ncon,,6:00,10:40,13500,4.130333768
bgo,25,17,8,9,8,8,8,0,ncon,,9:55,#VALUE!,5000,3.698970004
bhg,35,11,4,7,24,10,5,0,trng,Binanderean,#VALUE!,147:55:00,7000,3.84509804
bhw,24,14,6,8,10,10,5,0,anes,South Halmahera - West New Guinea,-1:0,136:00:00,30000,4.477121255
bhy,28,19,6,13,7,7,7,2,ncon,,0:15,28:30:00,15000,4.176091259
bib,24,18,8,10,6,6,6,0,ncon,Eastern Mande,11:30,0:30,350000,5.544068044
bim,44,22,9,13,18,18,6,4,ncon,Gur,10:30,0:00,120000,5.079181246
bin,48,25,9,16,21,21,7,2,ncon,Edoid,6:20,6:00,1.00E+06,6
biw,55,28,17,11,23,16,9,4,ncon,,3:40,12:45,12000,4.079181246
bjr,16,11,5,6,5,5,3,0,trng,Eastern Highlands,#VALUE!,146:05:00,360,2.556302501
bjz,24,14,4,10,10,10,5,0,trng,,,,2230,3.348304863
bkc,38,25,11,14,7,7,7,6,ncon,Ubangi,2:30,15:30,40000,4.602059991
bkh,33,26,13,13,7,7,7,0,ncon,,3:30,10:00,50000,4.698970004
bkk,41,31,5,26,10,10,5,0,ieur,Indic,35:20:00,76:30:00,10000,4
bkm,75,59,30,29,9,9,9,7,ncon,Bantoid,6:15,10:20,233000,5.367355921
bkq,29,17,10,7,12,12,7,0,cari,Cariban,#VALUE!,#VALUE!,950,2.977723605
bkv,36,23,9,14,10,10,5,3,ncon,,6:45,8:55,1.00E+05,5
bla,25,13,5,8,12,12,7,0,algi,Algonquian,50:00:00,#VALUE!,4500,3.653212514
blb,41,16,6,10,25,5,5,0,epap,Bilua,#VALUE!,156:40:00,8740,3.941511433
blc,31,28,7,21,3,3,3,0,sali,Bella Coola,52:20:00,#VALUE!,20,1.301029996
blk,34,20,7,13,11,9,9,3,sitb,,12:05,98:56:00,560000,5.748188027
blr,40,24,12,12,14,14,14,2,ausa,,21:57,100:24:00,42000,4.62324929
bmo,57,34,16,18,18,18,10,5,ncon,,5:50,10:30,29000,4.462397998
bmr,28,22,5,17,6,6,6,0,wita,Boran,0:50,#VALUE!,150,2.176091259
bnm,31,20,10,10,8,8,8,3,ncon,,3:00,10:00,9000,3.954242509
bod,38,24,8,16,8,8,8,6,sitb,Bodic,30:00:00,91:00:00,1070000,6.029383778
bol,38,28,12,16,10,10,5,0,afas,West Chadic,11:30,11:00,1.00E+05,5
bom,29,22,7,15,7,7,7,0,ncon,Platoid,9:45,8:50,3.00E+05,5.477121255
bor,20,13,7,6,7,7,7,0,macg,Bororo,#VALUE!,-56:0,1020,3.008600172
bot,29,18,6,12,11,11,6,0,nsah,Bongo-Bagirmi,7:15,28:00:00,10100,4.004321374
bqc,34,19,5,14,12,12,7,3,ncon,Eastern Mande,10:30,3:25,70000,4.84509804
bqx,56,28,6,22,27,27,9,1,ncon,,10:50,5:45,15000,4.176091259
brb,31,22,8,14,9,9,9,0,ausa,Bahnaric,14:35,106:35:00,12800,4.10720997
bre,42,25,10,15,17,17,8,0,ieur,Celtic,48:00:00,#VALUE!,5.00E+05,5.698970004
brh,33,24,6,18,9,9,4,0,drav,Northern Dravidian,28:30:00,67:00:00,2.00E+06,6.301029996
brv,42,20,12,8,22,22,22,0,ausa,Katuic,15:35,105:30:00,20000,4.301029996
brx,21,15,6,9,6,6,6,0,sitb,Bodo-Garo,26:50:00,92:00:00,1540000,6.187520721
bsk,53,38,7,31,12,12,5,3,_bsk,Burushaski,36:30:00,74:30:00,87000,4.939519253
bsp,26,18,7,11,8,8,8,0,ncon,Southern Atlantic,10:30,#VALUE!,4000,3.602059991
bsq,36,22,5,17,7,7,7,7,ncon,,6:00,#VALUE!,403000,5.605305046
bss,44,22,11,11,18,18,8,4,ncon,,5:00,9:40,1.00E+05,5
btg,51,23,7,16,26,26,13,2,ncon,,6:00,-6:0,150000,5.176091259
btx,21,16,7,9,5,5,5,0,anes,Sumatra,3:00,98:10:00,6.00E+05,5.77815125
bud,30,21,9,12,6,6,4,3,ncon,Gur,10:05,0:30,1.00E+05,5
bul,49,37,9,28,12,12,6,0,ieur,Slavic,42:30:00,25:00:00,7990000,6.902546779
bum,36,24,12,12,7,7,7,5,ncon,Bantoid,2:55,10:55,858000,5.933487288
bvm,32,23,7,16,9,9,9,0,ncon,,6:00,10:30,31000,4.491361694
bvr,21,16,11,5,5,5,5,0,aust,Burarran,#VALUE!,134:15:00,700,2.84509804
bwi,37,25,9,16,12,4,4,0,arwk,Arawakan,2:45,-67:0,5460,3.737192643
bwo,25,16,7,9,6,6,6,3,afas,North Omotic,10:40,35:15:00,19900,4.298853076
bwq,38,19,6,13,19,19,7,0,ncon,Western Mande,11:30,#VALUE!,312000,5.494154594
bwt,47,27,7,20,16,16,8,4,ncon,,4:30,9:10,8400,3.924279286
bxk,30,20,12,8,10,10,5,0,ncon,Bantoid,0:40,34:30:00,565000,5.752048448
byv,25,16,6,10,9,9,9,0,ncon,,5:05,10:30,210000,5.322219295
byx,22,14,9,5,8,5,5,0,epap,Baining,#VALUE!,151:45:00,6350,3.802773725
bza,48,23,10,13,21,21,7,4,ncon,Western Mande,8:00,-4.0625,1.00E+05,5
bzd,27,18,11,7,9,9,5,0,chib,Talamanca,9:20,-83:0,11000,4.041392685
bzf,25,17,9,8,8,8,8,0,sepr,Middle Sepik,#VALUE!,143:30:00,31300,4.495544338
bzx,34,20,8,12,14,14,7,0,ncon,,13:55,#VALUE!,118000,5.071882007
cad,23,20,11,9,3,3,3,0,cadd,Caddoan,34:25:00,#VALUE!,25,1.397940009
cag,28,22,13,9,6,6,6,0,mgua,Matacoan,#VALUE!,#VALUE!,13700,4.136720567
cao,21,17,5,12,4,4,4,0,pano,Panoan,#VALUE!,#VALUE!,550,2.740362689
caq,25,16,9,7,9,9,9,0,ausa,Nicobarese,9:00,93:00:00,37000,4.568201724
car,28,16,6,10,12,12,6,0,cari,Cariban,8:30,64:00:00,4450,3.648360011
cas,38,26,7,19,12,12,5,0,_cas,Mosetenan,#VALUE!,-68:0,5320,3.725911632
cat,39,27,14,13,12,8,8,0,ieur,Romance,42:00:00,2:00,11200000,7.049218023
cav,24,20,7,13,4,4,4,0,taca,Tacanan,#VALUE!,#VALUE!,1180,3.071882007
cbi,28,24,9,15,4,4,4,0,barb,Barbacoan,0:40,-79:0,9500,3.977723605
cbn,50,26,15,11,24,18,18,0,ausa,Monic,16:15,101:25:00,1500,3.176091259
cbv,22,12,5,7,10,10,5,0,maku,Cacua-Nukak,1:10,#VALUE!,150,2.176091259
ccc,29,19,8,11,10,10,5,0,arwk,,#VALUE!,#VALUE!,2,0.301029996
cdm,24,18,7,11,6,6,6,0,sitb,Bodic,27:40:00,84:45:00,36800,4.565847819
cdo,21,14,9,5,7,7,7,0,sitb,Chinese,26:00:00,119:30:00,8820000,6.945468585
ces,38,25,7,18,13,10,5,0,ieur,Slavic,50:00:00,15:00,9250000,6.966141733
cha,36,30,11,19,6,6,6,0,anes,Chamorro,13:35,145:00:00,62500,4.795880017
che,44,32,6,26,12,12,6,0,ncau,Nakh,43:30:00,45:30:00,1330000,6.123851641
chf,37,25,7,18,12,12,6,0,maya,Mayan,18:10,#VALUE!,38000,4.579783597
cho,21,15,5,10,6,6,3,0,musk,Muskogean,35:30:00,#VALUE!,11400,4.056904851
chp,61,39,6,33,18,18,6,4,nadn,Athapaskan,58:00:00,-105:0,9030,3.95568775
chq,41,26,16,10,15,15,8,0,otma,Chinantecan,17:35,#VALUE!,8000,3.903089987
chr,17,11,5,6,6,6,5,0,iroq,Southern Iroquoian,35:00:00,-83:0,16400,4.214843848
chv,39,30,14,16,9,9,8,0,altc,Turkic,55:30:00,47:00:00,1640000,6.214843848
cic,25,16,5,11,9,9,3,0,musk,Muskogean,33:50:00,-97:0,1000,3
cja,35,24,8,16,9,9,9,2,anes,Malayic,12:00,105:20:00,290000,5.462397998
cjv,17,12,5,7,5,5,5,0,trng,Chimbu,#VALUE!,145:05:00,23100,4.36361198
cko,43,22,8,14,19,19,7,2,ncon,Kwa,10:25,0:30,66000,4.819543936
ckt,22,15,5,10,7,7,6,0,chka,Northern Chukotko-Kamchatkan,69:00:00,165:00:00,7740,3.888740961
cku,25,15,5,10,6,6,3,4,musk,Muskogean,30:30:00,-94:0,200,2.301029996
cle,35,28,9,19,7,7,7,0,otma,Chinantecan,17:20,#VALUE!,2000,3.301029996
cme,46,21,7,14,21,21,7,4,ncon,Gur,10:10,#VALUE!,61400,4.788168371
cmn,49,24,9,15,21,6,6,4,sitb,Chinese,34:00:00,110:00:00,8.40E+08,8.924279286
cnh,52,45,22,23,7,7,6,0,sitb,Kuki-Chin,22:40,93:40:00,1.00E+05,5
cni,21,17,6,11,4,4,4,0,arwk,Arawakan,-12:0,-74:0,26100,4.416640507
cof,25,16,6,10,9,9,5,0,barb,Barbacoan,0:15,#VALUE!,2300,3.361727836
cog,40,21,8,13,19,18,9,0,ausa,,12:15,102:50:00,5000,3.698970004
com,18,12,4,8,6,6,6,0,utaz,Numic,34:10:00,#VALUE!,200,2.301029996
con,35,30,11,19,5,5,5,0,chib,CofÃ¡n,0:10,-77:0,800,2.903089987
coo,42,37,11,26,5,5,5,0,sali,Central Salish,50:10:00,-125:0,400,2.602059991
cou,46,39,21,18,7,7,7,0,ncon,Northern Atlantic,12:40,#VALUE!,18400,4.264817823
cqd,56,46,24,22,10,6,6,0,hmom,Hmong-Mien,,,1400000,6.146128036
crd,47,41,13,28,6,6,6,0,sali,Interior Salish,47:20:00,-117:0,5,0.698970004
cro,23,10,2,8,10,10,5,3,siou,Siouan,45:20:00,-107:0,4280,3.631443769
crw,33,20,8,12,13,11,3,0,ausa,Bahnaric,10:55,107:15:00,22600,4.354108439
cso,39,18,5,13,14,14,7,7,otma,Chinantecan,17:50,#VALUE!,5800,3.763427994
ctd,26,21,6,15,5,5,5,0,sitb,Kuki-Chin,23:20,93:40:00,189000,5.276461804
ctp,25,16,9,7,9,9,5,0,otma,Zapotecan,16:15,#VALUE!,12000,4.079181246
ctu,26,20,5,15,6,6,6,0,maya,Mayan,17:40,-92:0,90000,4.954242509
cub,23,11,1,10,12,12,6,0,tucn,Tucanoan,1:30,#VALUE!,6650,3.822821645
cuv,29,27,10,17,2,2,2,0,afas,,10:40,14:00,5000,3.698970004
daa,28,21,11,10,7,7,7,0,afas,East Chadic,12:10,18:20,45000,4.653212514
daf,39,19,5,14,20,20,12,0,ncon,Eastern Mande,7:30,#VALUE!,8.00E+05,5.903089987
dag,37,26,10,16,9,9,4,2,ncon,Gur,9:30,0:30,8.00E+05,5.903089987
daj,30,24,9,15,6,6,6,0,nsah,Daju,12:15,25:00:00,80000,4.903089987
dal,59,54,18,36,5,5,5,0,afas,Southern Cushitic,2:10,40:25:00,400,2.602059991
dap,27,16,6,10,9,9,9,2,sitb,Tani,27:30:00,93:30:00,261000,5.416640507
dbj,23,17,7,10,6,6,6,0,anes,Northwest Malayo-Polynesian,5:15,118:50:00,5000,3.698970004
dbl,16,13,9,4,3,3,3,0,aust,Pama-Nyungan,#VALUE!,145:30:00,40,1.602059991
dbq,47,36,13,23,6,6,6,5,afas,Biu-Mandara,,,24000,4.380211242
deu,39,23,6,17,16,16,8,0,ieur,Germanic,52:00:00,10:00,75300000,7.876794976
dga,54,24,8,16,27,27,9,3,ncon,Gur,10:30,#VALUE!,7.00E+05,5.84509804
dgi,41,29,9,20,9,9,9,3,ncon,,11:00,-3:0,388000,5.588831726
dic,57,27,8,19,27,27,9,3,ncon,Kru,5:45,#VALUE!,93800,4.972202838
dih,34,25,10,15,9,9,5,0,hoka,Yuman,32:00:00,-116:0,220,2.342422681
dip,32,19,9,10,13,13,13,0,nsah,Nilotic,8:30,28:00:00,320000,5.505149978
diq,44,30,8,22,14,8,8,0,ieur,Iranian,,,1.00E+06,6
dje,40,20,8,12,16,16,5,4,nsah,Songhay,15:25,2:00,2350000,6.371067862
dni,24,12,7,5,12,7,7,0,trng,Dani,#VALUE!,139:00:00,20000,4.301029996
dob,24,19,6,13,5,5,5,0,anes,,#VALUE!,150:45:00,10000,4
doc,27,20,10,10,7,7,7,0,taik,Kam-Tai,26:00:00,108:30:00,463000,5.665580991
dop,37,17,8,9,20,20,10,0,ncon,,9:45,1:25,50000,4.698970004
dow,34,22,12,10,12,12,7,0,ncon,Adamawa,8:40,13:10,18000,4.255272505
dru,27,23,8,15,4,4,4,0,anes,Tsouic,22:50,120:50:00,10500,4.021189299
dta,29,22,9,13,7,7,7,0,altc,Mongolic,48:00:00,124:00:00,96100,4.982723388
dts,28,16,10,6,12,12,7,0,ncon,Dogon,,,50000,4.698970004
dua,33,21,11,10,7,7,7,5,ncon,Bantoid,4:10,9:25,87700,4.942999593
dug,49,42,16,26,5,5,5,2,ncon,,-4:0,39:15:00,247000,5.392696953
duj,23,20,13,7,3,3,3,0,aust,Pama-Nyungan,#VALUE!,136:00:00,3650,3.562292864
duo,20,15,6,9,5,5,5,0,anes,Northern Philippines,17:50,122:10:00,1200,3.079181246
dyo,29,19,8,11,10,10,10,0,ncon,Northern Atlantic,13:00,-16:0,340000,5.531478917
dyu,39,23,8,15,14,14,7,2,ncon,Western Mande,10:15,-5:0,1.00E+06,6
dzg,32,21,8,13,11,11,11,0,nsah,Western Saharan,17:00,18:00,331000,5.519827994
efi,20,13,6,7,7,7,7,0,ncon,Cross River,4:55,8:30,4.00E+05,5.602059991
ega,39,27,7,20,9,9,9,3,ncon,Kwa,,,2500,3.397940009
ego,42,30,9,21,7,7,7,5,ncon,,8:40,8:35,140000,5.146128036
ekg,15,10,4,6,5,5,5,0,trng,Wissel Lakes-Kemandoga,#VALUE!,136:00:00,1.00E+05,5
ekm,30,19,7,12,7,7,7,4,ncon,,4:30,11:10,6400,3.806179974
ekp,37,24,7,17,9,9,9,4,ncon,,5:00,6:30,30000,4.477121255
ell,26,21,5,16,5,5,5,0,ieur,Greek,40:00:00,22:00,10700000,7.029383778
ema,48,27,8,19,21,21,7,0,ncon,Edoid,7:05,6:00,1.00E+05,5
emk,36,20,7,13,14,14,7,2,ncon,Western Mande,10:00,-9:0,1890000,6.276461804
enb,36,13,8,5,20,20,10,3,nsah,,1:05,35:35:00,161000,5.206825876
eng,40,27,7,20,13,13,8,0,ieur,Germanic,53:00:00,-1:0,58100000,7.764176132
enn,33,20,6,14,10,10,10,3,ncon,Edoid,5:10,6:25,20000,4.301029996
erk,20,15,9,6,5,5,5,0,anes,Oceanic,#VALUE!,168:15:00,6000,3.77815125
esi,27,24,9,15,3,3,3,0,eska,Eskimo,70:00:00,-162:0,6420,3.807535028
ess,36,32,16,16,4,4,4,0,eska,Eskimo,63:30:00,-170:0,830,2.919078092
ets,36,26,7,19,7,7,7,3,ncon,Edoid,7:10,6:30,274000,5.437750563
etu,27,20,7,13,7,7,7,0,ncon,Bantoid,5:58,8:42,67300,4.828015064
eus,28,23,7,16,5,5,5,0,basq,Basque,43:00:00,-2:0,580000,5.763427994
eve,36,21,10,11,15,15,8,0,altc,Tungusic,69:20:00,128:00:00,7170,3.855519156
ewe,45,28,10,18,14,14,7,3,ncon,Kwa,6:30,0:30,2250000,6.352182518
ewo,34,26,13,13,8,8,8,0,ncon,Bantoid,4:00,12:00,578000,5.761927838
faa,21,11,5,6,10,10,5,0,trng,Fasu,#VALUE!,143:10:00,1200,3.079181246
fai,20,12,5,7,8,5,5,0,trng,,#VALUE!,141:40:00,4500,3.653212514
fan,41,25,13,12,16,16,8,0,ncon,,-1:0,11:25,297000,5.472756449
ffm,37,27,12,15,10,10,5,0,ncon,Northern Atlantic,16:00,-2:0,1.00E+06,6
fia,45,33,14,19,10,10,5,2,nsah,Nubian,21:00,30:00:00,295000,5.469822016
fij,30,19,11,8,11,5,5,0,anes,Oceanic,-18:0,178:20:00,330000,5.51851394
fil,27,17,7,10,10,10,5,0,anes,,,,2.50E+07,7.397940009
fin,42,25,9,16,17,17,9,0,urlc,Finnic,64:00:00,27:00:00,4700000,6.672097858
flr,35,25,12,13,10,10,5,0,ncon,,#VALUE!,29:00:00,3.00E+05,5.477121255
fmp,25,17,8,9,8,8,8,0,ncon,Bantoid,5:10,10:10,124000,5.093421685
fon,42,24,7,17,14,14,7,4,ncon,Kwa,7:15,2:05,1400000,6.146128036
fra,40,23,10,13,17,17,12,0,ieur,Romance,48:00:00,2:00,53200000,7.725911632
frr,42,23,8,15,19,13,7,0,ieur,Germanic,54:30:00,9:00,10000,4
fub,37,27,12,15,10,10,5,0,ncon,Northern Atlantic,7:00,13:30,669000,5.825426118
fuc,38,28,12,16,10,10,5,0,ncon,Northern Atlantic,15:00,-14:0,2740000,6.437750563
fuf,38,28,12,16,10,10,5,0,ncon,Northern Atlantic,9:35,#VALUE!,2550000,6.40654018
fuh,32,27,12,15,5,5,5,0,ncon,Northern Atlantic,14:00,2:00,450000,5.653212514
fun,30,18,8,10,12,12,7,0,macg,YatÃª,-9:0,#VALUE!,2930,3.46686762
fuq,37,27,12,15,10,10,5,0,ncon,,15:00,7:00,450000,5.653212514
fur,39,25,7,18,14,14,7,0,ieur,,46:00:00,13:00,794000,5.899820502
fuu,41,31,13,18,10,7,7,0,nsah,Bongo-Bagirmi,4:20,20:40,12000,4.079181246
fvr,30,19,8,11,11,11,8,0,nsah,Fur,13:00,25:00:00,5.00E+05,5.698970004
fwa,35,19,8,11,16,15,8,0,anes,Oceanic,#VALUE!,164:55:00,1130,3.053078443
fwe,59,49,15,34,10,10,5,0,ncon,,#VALUE!,25:20:00,10200,4.008600172
gaa,47,32,13,19,12,12,7,3,ncon,Kwa,5:40,0:10,6.00E+05,5.77815125
gaj,19,9,3,6,6,6,3,4,trng,Eastern Highlands,#VALUE!,146:00:00,22100,4.344392274
gay,27,19,8,11,8,8,8,0,anes,Gayo,4:30,97:00:00,3.00E+05,5.477121255
gbc,22,19,13,6,3,3,3,0,aust,Garrwan,#VALUE!,137:40:00,110,2.041392685
gbd,20,17,12,5,3,3,3,0,aust,Pama-Nyungan,#VALUE!,122:10:00,12,1.079181246
gbo,36,19,7,12,13,13,7,4,ncon,,5:15,-8:0,84500,4.926856709
gbp,45,31,15,16,12,12,7,2,ncon,Ubangi,6:40,17:30,2.00E+05,5.301029996
gbr,26,20,6,14,6,6,5,0,ncon,Nupoid,9:35,7:00,7.00E+05,5.84509804
gby,31,24,5,19,7,7,7,0,ncon,Nupoid,8:45,7:00,350000,5.544068044
gde,36,30,12,18,4,4,4,2,afas,Biu-Mandara,10:10,13:25,68000,4.832508913
gej,44,27,7,20,14,14,7,3,ncon,,6:15,1:45,201000,5.303196057
gid,38,28,9,19,8,8,8,2,afas,Biu-Mandara,10:00,14:00,54000,4.73239376
gio,43,31,17,14,12,7,7,0,taik,Kadai,,,3000,3.477121255
gjn,39,23,8,15,14,14,7,2,ncon,,8:50,0:45,230000,5.361727836
gju,50,32,10,22,18,18,4,0,ieur,Indic,32:45:00,76:15:00,690000,5.838849091
gkp,35,27,8,19,8,8,8,0,ncon,,8:00,-9:0,308000,5.488550717
gld,24,18,9,9,6,6,6,0,altc,Tungusic,49:30:00,136:50:00,3890,3.589949601
gle,68,44,21,23,24,24,9,0,ieur,Celtic,53:30:00,#VALUE!,260000,5.414973348
glg,28,21,10,11,7,7,7,0,ieur,Romance,43:00:00,-8:0,3170000,6.501059262
gmm,37,28,13,15,7,7,7,2,ncon,Ubangi,,,20000,4.301029996
gmo,29,24,14,10,5,5,5,0,afas,North Omotic,6:40,37:10:00,4.00E+05,5.602059991
gnd,34,29,11,18,2,2,2,3,afas,,10:50,14:05,26000,4.414973348
gng,39,22,9,13,14,14,7,3,ncon,,10:25,0:50,46000,4.662757832
god,42,26,8,18,13,13,13,3,ncon,Kru,5:30,#VALUE!,26400,4.421603927
grg,54,45,20,25,9,9,9,0,trng,,#VALUE!,146:25:00,380,2.579783597
grt,26,21,10,11,5,5,5,0,sitb,Bodo-Garo,25:40:00,90:30:00,780000,5.892094603
gub,21,14,6,8,7,7,7,0,tupi,Tupi-GuaranÃ_,#VALUE!,#VALUE!,15000,4.176091259
guc,46,28,10,18,18,18,6,0,arwk,Arawakan,11:30,#VALUE!,135000,5.130333768
gug,36,24,9,15,12,12,6,0,tupi,Tupi-GuaranÃ_,26:00:00,56:00:00,4650000,6.667452953
guh,29,17,5,12,12,12,6,0,guah,Guahiban,5:00,-69:0,23000,4.361727836
gum,24,18,7,11,6,6,6,0,barb,Barbacoan,2:30,#VALUE!,23500,4.371067862
gup,24,19,13,6,5,5,5,0,aust,Gunwinygic,#VALUE!,133:30:00,1410,3.149219113
guq,21,11,6,5,10,10,5,0,tupi,Tupi-GuaranÃ_,#VALUE!,#VALUE!,1360,3.133538908
gux,33,20,8,12,10,10,5,3,ncon,Gur,12:00,1:00,6.00E+05,5.77815125
gvc,24,16,3,13,6,6,6,2,tucn,Tucanoan,1:15,#VALUE!,550,2.740362689
gvf,23,13,6,7,10,10,5,0,trng,Chimbu,#VALUE!,144:50:00,51100,4.7084209
gvn,16,13,10,3,3,3,3,0,aust,Pama-Nyungan,#VALUE!,145:30:00,240,2.380211242
gya,53,30,14,16,19,19,7,4,ncon,Ubangi,6:00,15:00,2.00E+05,5.301029996
hag,29,23,8,15,6,6,6,0,ncon,,9:20,#VALUE!,6800,3.832508913
hak,31,21,8,13,6,6,6,4,sitb,Chinese,25:00:00,116:00:00,25700000,7.409933123
hau,45,32,9,23,10,10,5,3,afas,West Chadic,12:00,6:00,18500000,7.267171728
haw,19,9,4,5,10,10,5,0,anes,Oceanic,20:00,-157:0,1000,3
hay,29,19,6,13,10,10,5,0,ncon,Bantoid,-2:0,31:40:00,1300000,6.113943352
hch,25,15,6,9,10,10,5,0,utaz,Corachol,22:00,-104:0,20000,4.301029996
hdn,50,47,13,34,3,3,3,0,nadn,Haida,54:00:00,-132:0,30,1.477121255
heb,30,24,5,19,6,6,5,0,afas,Semitic,31:45:00,35:10:00,4850000,6.685741739
hin,94,71,16,55,23,19,6,0,ieur,Indic,25:00:00,77:00:00,1.80E+08,8.255272505
hix,23,18,7,11,5,5,5,0,cari,Cariban,0:15,#VALUE!,600,2.77815125
hoa,21,16,5,11,5,5,5,0,anes,Oceanic,#VALUE!,157:30:00,460,2.662757832
hop,49,31,13,18,18,16,5,0,utaz,Hopi,35:45:00,#VALUE!,5260,3.720985744
hrv,36,25,8,17,11,10,5,0,ieur,Slavic,,,3980000,6.599883072
hts,62,57,17,40,5,5,5,0,khoi,Hadza,#VALUE!,35:00:00,800,2.903089987
hum,33,20,7,13,10,10,5,3,ncon,,#VALUE!,18:25,400,2.602059991
hun,65,50,14,36,15,15,8,0,urlc,Ugric,47:00:00,20:00,9550000,6.980003372
hup,42,35,6,29,7,7,4,0,nadn,Athapaskan,41:00:00,-124:0,8,0.903089987
hur,47,32,7,25,12,12,6,3,sali,Central Salish,49:15:00,-122:0,200,2.301029996
hus,36,26,6,20,10,10,5,0,maya,,21:20,#VALUE!,121750,5.08546897
huv,24,18,7,11,6,6,6,0,huav,Huavean,16:10,#VALUE!,12000,4.079181246
hye,37,31,6,25,6,6,6,0,ieur,Armenian,40:00:00,45:00:00,3140000,6.496929648
iai,52,33,14,19,19,19,11,0,anes,Oceanic,#VALUE!,166:35:00,1560,3.193124598
iba,25,19,8,11,6,6,6,0,anes,Malayic,1:00,112:00:00,658000,5.818225894
ibo,65,46,11,35,16,16,8,3,ncon,Igboid,6:00,7:00,1.80E+07,7.255272505
iby,38,25,8,17,10,10,10,3,ncon,,4:25,7:15,60000,4.77815125
ife,34,19,4,15,12,12,7,3,ncon,,8:00,1:45,102000,5.008600172
igb,31,19,7,12,9,9,9,3,ncon,Nupoid,7:15,6:10,1.00E+06,6
ige,38,24,9,15,10,10,10,4,ncon,Idomoid,7:05,8:05,250000,5.397940009
ign,25,21,8,13,4,4,4,0,arwk,Arawakan,#VALUE!,#VALUE!,4500,3.653212514
igo,23,9,2,7,14,14,7,0,trng,,#VALUE!,145:40:00,910,2.959041392
ijc,37,19,7,12,18,18,9,0,ncon,Ijoid,4:50,5:45,1.00E+06,6
ijn,43,22,6,16,18,18,9,3,ncon,,4:30,6:40,258000,5.411619706
ijs,44,24,7,17,18,18,9,2,ncon,,4:30,6:25,71500,4.854306042
ikx,44,31,11,20,13,13,13,0,nsah,Kuliak,3:35,34:20:00,10000,4
ilo,21,17,7,10,4,4,4,0,anes,Northern Philippines,18:00,120:30:00,6920000,6.840106094
imn,23,13,4,9,10,10,10,0,trng,Border,#VALUE!,141:10:00,250,2.397940009
ind,31,22,8,14,9,6,6,0,anes,Malayic,#VALUE!,106:50:00,22800000,7.357934847
inh,48,35,6,29,13,9,6,0,ncau,Nakh,43:10:00,44:50:00,413000,5.615950052
irh,19,12,7,5,7,7,7,0,anes,South Halmahera - West New Guinea,-3:0,133:30:00,4000,3.602059991
irk,48,33,8,25,12,12,7,3,afas,Southern Cushitic,-4:0,35:10:00,462000,5.664641976
irn,39,21,11,10,18,12,6,0,arwk,Arawakan,#VALUE!,#VALUE!,190,2.278753601
isl,39,23,10,13,16,16,8,0,ieur,Germanic,65:00:00,17:00,230000,5.361727836
iso,37,28,9,19,9,9,9,0,ncon,Edoid,5:30,6:15,423000,5.626340367
ita,30,23,8,15,7,7,7,0,ieur,Romance,43:45:00,11:15,5.50E+07,7.740362689
itl,32,27,11,16,5,5,5,0,chka,Southern Chukotko-Kamchatkan,57:00:00,156:50:00,380,2.579783597
ito,25,19,6,13,6,6,6,0,_ito,Itonama,#VALUE!,#VALUE!,10,1
ium,49,35,15,20,8,8,7,6,hmom,Hmong-Mien,20:50,101:10:00,383000,5.583198774
ivv,23,19,8,11,4,4,4,0,anes,Northern Philippines,20:15,121:55:00,35000,4.544068044
iwm,17,11,6,5,6,6,6,0,sepr,Upper Sepik,#VALUE!,141:55:00,3000,3.477121255
izi,51,40,12,28,9,9,9,2,ncon,Igboid,6:15,8:00,593000,5.773054693
jaa,15,11,5,6,4,4,4,0,arau,Arauan,#VALUE!,#VALUE!,480,2.681241237
jac,32,27,7,20,5,5,5,0,maya,Mayan,15:35,#VALUE!,11000,4.041392685
jao,32,29,22,7,3,3,3,0,aust,Pama-Nyungan,#VALUE!,136:00:00,52,1.716003344
jar,39,28,9,19,11,11,11,0,ncon,Bantoid,9:45,10:00,150000,5.176091259
jav,30,22,9,13,8,8,8,0,anes,Javanese,-1:0,101:40:00,84300000,7.925827575
jbj,18,13,3,10,5,5,5,0,trng,South Birds Head,-2:0,132:30:00,1000,3
jeb,23,19,12,7,4,4,4,0,cahu,Cahuapanan,#VALUE!,#VALUE!,2500,3.397940009
jic,28,22,12,10,6,6,6,0,_jic,Tol,14:40,-87:0,350,2.544068044
jiv,24,16,6,10,8,8,4,0,jiva,Jivaroan,#VALUE!,-78:0,46700,4.669316881
jpn,40,27,6,21,11,11,5,2,japo,Japanese,35:00:00,135:00:00,1.21E+08,8.08278537
jqr,39,36,9,27,3,3,3,0,ayma,Aymaran,#VALUE!,#VALUE!,740,2.86923172
jru,24,12,5,7,12,12,6,0,cari,Cariban,10:45,#VALUE!,95,1.977723605
jun,29,19,8,11,10,10,5,0,ausa,Munda,21:20,86:00:00,50000,4.698970004
jup,29,20,4,16,9,9,9,0,maku,Nadahup,0:40,#VALUE!,1210,3.08278537
jya,57,49,16,33,8,8,8,0,sitb,rGyalrong,31:30:00,102:00:00,83000,4.919078092
kab,30,27,3,24,3,3,3,0,afas,Berber,36:30:00,4:30,2540000,6.404833717
kac,30,25,13,12,5,5,5,0,sitb,Jinghpo,25:25:00,97:00:00,9.00E+05,5.954242509
kal,38,32,9,23,6,6,3,0,eska,Eskimo,64:00:00,51:00:00,47800,4.679427897
kas,56,27,6,21,29,29,7,0,ieur,Indic,34:00:00,76:00:00,5420000,6.733999287
kat,35,29,5,24,6,6,5,0,kart,Kartvelian,42:00:00,44:00:00,3900000,6.591064607
kbc,31,23,10,13,8,8,4,0,mgua,Guaicuruan,#VALUE!,#VALUE!,1590,3.201397124
kbd,56,49,5,44,7,7,2,0,ncau,Northwest Caucasian,43:35:00,43:00:00,520000,5.716003344
kbh,28,22,8,14,6,6,6,0,_kbh,CamsÃ¡,1:10,#VALUE!,4770,3.678518379
kbk,16,11,3,8,5,5,5,0,trng,Koiarian,#VALUE!,147:30:00,1700,3.230448921
kbp,47,22,7,15,23,23,14,2,ncon,Gur,8:40,1:00,7.00E+05,5.84509804
kbr,27,22,9,13,5,5,5,0,afas,South Omotic,7:20,36:00:00,570000,5.755874856
kbv,17,11,7,4,6,6,6,0,trng,Senagi,#VALUE!,140:55:00,1000,3
kca,31,18,9,9,13,13,13,0,urlc,Ugric,65:00:00,65:00:00,13600,4.133538908
kcl,30,16,7,9,14,10,5,0,anes,Oceanic,#VALUE!,147:05:00,2150,3.33243846
kde,28,18,7,11,5,5,5,5,ncon,Bantoid,#VALUE!,39:25:00,980000,5.991226076
kdh,36,25,9,16,9,9,9,2,ncon,Gur,9:00,1:00,204000,5.309630167
kdt,47,22,8,14,25,22,11,0,ausa,,14:50,103:55:00,4.00E+05,5.602059991
kek,26,21,5,16,5,5,5,0,maya,Mayan,16:00,-90:0,4.00E+05,5.602059991
ken,41,21,7,14,20,20,10,0,ncon,Bantoid,5:35,9:30,65000,4.812913357
ker,30,24,8,16,6,6,6,0,afas,East Chadic,9:45,15:10,44500,4.648360011
ket,32,18,6,12,14,14,7,0,yeos,Yeniseian,64:00:00,87:00:00,190,2.278753601
kfe,34,23,9,14,11,11,6,0,drav,Southern Dravidian,11:30,77:10:00,900,2.954242509
kff,24,19,7,12,5,5,5,0,drav,South-Central Dravidian,17:30,81:20:00,3.00E+05,5.477121255
kfk,46,31,8,23,15,15,9,0,sitb,Bodic,31:30:00,78:00:00,63800,4.804820679
kgg,38,32,9,23,6,6,6,0,sitb,Kusunda,28:00:00,84:40:00,7,0.84509804
kgp,27,13,7,6,14,14,9,0,macg,Ge-Kaingang,#VALUE!,#VALUE!,25875,4.412880358
kha,28,19,6,13,9,9,8,0,ausa,Khasian,25:30:00,92:00:00,865000,5.937016107
khb,31,22,5,17,9,9,9,0,taik,Kam-Tai,21:05,101:05:00,280000,5.447158031
khc,29,24,12,12,5,5,5,0,anes,Sulawesi,#VALUE!,123:40:00,120000,5.079181246
khk,35,21,6,15,14,14,7,0,altc,Mongolic,47:00:00,105:00:00,2330000,6.367355921
khl,28,18,9,9,10,10,5,0,anes,Oceanic,#VALUE!,149:05:00,2000,3.301029996
khm,42,21,8,13,21,18,8,0,ausa,Khmer,12:30,105:00:00,12300000,7.089905111
khq,36,21,8,13,15,15,5,0,nsah,Songhay,16:15,#VALUE!,2.00E+05,5.301029996
khr,48,38,14,24,10,6,6,0,ausa,Munda,22:30,84:20:00,292000,5.465382851
kig,44,20,7,13,20,18,9,4,trng,Kolopom,-8:0,138:30:00,3000,3.477121255
kik,32,18,11,7,14,14,7,0,ncon,Bantoid,0:30,37:00:00,7180000,6.856124444
kin,49,39,11,28,10,10,5,0,ncon,Bantoid,-2:0,30:00:00,6490000,6.812244697
kio,42,22,4,18,20,12,6,0,kita,Kiowa-Tanoan,34:20:00,#VALUE!,1100,3.041392685
kir,36,20,6,14,16,16,8,0,altc,Turkic,42:00:00,74:00:00,2450000,6.389166084
kjd,19,12,7,5,7,5,5,0,trng,Kiwaian,#VALUE!,143:15:00,9700,3.986771734
kjg,41,23,14,9,18,15,5,0,ausa,Palaung-Khmuic,19:55,101:25:00,390000,5.591064607
kjn,28,23,10,13,5,5,5,0,aust,Pama-Nyungan,#VALUE!,143:30:00,20,1.301029996
kjq,51,39,10,29,12,5,5,0,kere,Keresan,35:00:00,#VALUE!,3390,3.530199698
kjs,20,15,9,6,5,5,5,0,trng,Engan,#VALUE!,143:55:00,45000,4.653212514
kkj,50,33,14,19,13,13,7,4,ncon,,4:20,14:15,1.00E+05,5
kkk,27,22,10,12,5,5,5,0,anes,Oceanic,-8:0,159:10:00,530,2.72427587
kkw,28,21,8,13,7,7,7,0,ncon,Bantoid,#VALUE!,14:30,38800,4.588831726
kla,37,33,14,19,4,4,4,0,penu,Klamath-Modoc,42:30:00,#VALUE!,1,0
kle,43,22,7,15,21,12,6,0,sitb,Bodic,9:10,11:05,18700,4.271841607
klu,27,11,4,7,16,16,9,0,ncon,Kru,5:00,#VALUE!,213000,5.328379603
kma,49,31,13,18,18,18,9,0,ncon,Gur,10:15,#VALUE!,3800,3.579783597
kme,34,27,14,13,7,7,7,0,ncon,,4:25,8:58,300,2.477121255
kmn,18,11,7,4,7,7,7,0,sepr,Ram,#VALUE!,141:55:00,510,2.707570176
kmo,31,24,13,11,7,7,7,0,sepr,Middle Sepik,#VALUE!,142:40:00,3000,3.477121255
kmr,47,30,9,21,17,9,4,0,ieur,Iranian,37:00:00,43:00:00,3950000,6.596597096
kms,29,23,11,12,6,6,6,0,torr,Marienberg,#VALUE!,143:50:00,960,2.982271233
kmw,35,24,9,15,7,7,7,4,ncon,,0:15,26:30:00,4.00E+05,5.602059991
kna,35,24,13,11,11,11,6,0,afas,West Chadic,10:00,12:00,20000,4.301029996
knc,35,25,9,16,6,6,6,4,nsah,Western Saharan,12:00,12:00,3.00E+06,6.477121255
knn,37,19,6,13,18,18,9,0,ieur,Indic,15:15,74:00:00,4.00E+06,6.602059991
kor,40,22,11,11,18,18,10,0,_kor,Korean,37:30:00,128:00:00,4.20E+07,7.62324929
kpk,34,24,6,18,10,10,5,0,ncon,Platoid,7:35,10:10,11400,4.056904851
kpm,37,27,10,17,10,10,10,0,ausa,Bahnaric,11:40,108:00:00,129000,5.11058971
kpr,24,19,9,10,5,5,5,0,trng,Binanderean,#VALUE!,149:10:00,3630,3.559906625
kpv,36,29,8,21,7,7,7,0,urlc,Finnic,65:00:00,55:00:00,217000,5.336459734
kpy,21,16,7,9,5,5,5,0,chka,Northern Chukotko-Kamchatkan,62:30:00,162:00:00,3500,3.544068044
kpz,26,14,11,3,12,12,6,0,nsah,Nilotic,1:20,34:35:00,181000,5.257678575
kqs,42,22,10,12,20,20,7,0,ncon,Southern Atlantic,9:00,-10:0,287000,5.457881897
krs,56,41,14,27,10,10,10,5,nsah,Kresh,8:35,25:00:00,16000,4.204119983
kru,68,46,13,33,22,22,6,0,drav,Northern Dravidian,22:50,85:30:00,2050000,6.311753861
ksi,18,9,2,7,5,5,5,4,skoo,Krisa,#VALUE!,141:20:00,420,2.62324929
ksw,39,27,8,19,9,9,9,3,sitb,Karen,18:00,97:00:00,1280000,6.10720997
ktn,25,11,6,5,14,14,5,0,tupi,Arikem,#VALUE!,#VALUE!,320,2.505149978
kto,19,13,5,8,6,6,6,0,epap,Kuot,#VALUE!,151:30:00,2400,3.380211242
ktz,141,95,21,74,46,24,7,0,khoi,Northern Khoisan,#VALUE!,21:35,5000,3.698970004
kub,46,28,13,15,13,13,7,5,ncon,,7:10,10:00,44600,4.649334859
kuj,22,15,8,7,7,7,7,0,ncon,,#VALUE!,35:00:00,430000,5.633468456
kun,26,19,8,11,7,7,7,0,nsah,Kunama,15:25,36:50:00,187000,5.271841607
kup,20,15,5,10,5,5,5,0,trng,Goilalan,#VALUE!,146:55:00,8200,3.913813852
kus,44,22,8,14,22,22,9,0,ncon,,10:55,0:20,420000,5.62324929
kvn,21,16,9,7,5,5,5,0,chib,Kuna,8:00,#VALUE!,500,2.698970004
kwd,21,16,10,6,5,5,5,0,anes,Oceanic,#VALUE!,160:55:00,13200,4.120573931
kwi,21,14,6,8,7,7,7,0,barb,Barbacoan,1:20,#VALUE!,20000,4.301029996
kwk,55,46,14,32,9,9,6,0,waka,Northern Wakashan,50:55:00,-127:0,190,2.278753601
kxl,39,34,12,22,5,5,5,0,drav,,26:50:00,86:00:00,28600,4.456366033
kxm,43,24,11,13,19,16,3,0,ausa,,14:35,103:15:00,1400000,6.146128036
kxv,37,22,8,14,15,15,5,0,drav,South-Central Dravidian,18:45,82:40:00,350000,5.544068044
kyh,41,27,6,21,11,11,4,3,hoka,Karok,41:40:00,#VALUE!,10,1
kyz,24,14,6,8,10,10,5,0,tupi,Tupi-GuaranÃ_,#VALUE!,#VALUE!,1000,3
kza,45,20,7,13,21,21,7,4,ncon,Gur,10:35,#VALUE!,30200,4.480006943
kzr,40,30,12,18,6,6,6,4,ncon,,7:40,15:00,17000,4.230448921
lag,52,32,17,15,20,20,10,0,ncon,Bantoid,#VALUE!,36:00:00,350000,5.544068044
lao,40,28,9,19,12,9,9,0,taik,Kam-Tai,17:20,105:10:00,3.00E+06,6.477121255
las,53,17,8,9,33,33,11,3,ncon,,10:05,1:00,117000,5.068185862
lbc,59,34,17,17,19,19,5,6,taik,Kadai,24:05:00,110:10:00,12000,4.079181246
lbe,69,60,6,54,9,9,6,0,ncau,Lak-Dargwa,42:00:00,47:00:00,157000,5.195899652
lbj,38,33,8,25,5,5,5,0,sitb,Bodic,34:00:00,78:00:00,150000,5.176091259
lch,42,32,16,16,10,10,5,0,ncon,Bantoid,-13:0,20:15,155000,5.190331698
led,55,43,14,29,8,8,8,4,nsah,Lendu,2:20,30:35:00,750000,5.875061263
lee,44,24,10,14,16,16,8,4,ncon,Gur,12:25,#VALUE!,130000,5.113943352
lef,34,22,7,15,12,12,7,0,ncon,Kwa,7:20,0:35,48900,4.689308859
lem,30,14,7,7,14,14,7,2,ncon,,4:35,10:55,6000,3.77815125
lgg,42,27,11,16,12,12,11,3,nsah,Moru-Madi,3:00,31:00:00,797000,5.901458321
lhu,40,26,6,20,9,9,9,5,sitb,Burmese-Lolo,20:45,100:45:00,280000,5.447158031
lia,24,17,7,10,7,7,7,0,ncon,,9:40,-12:0,335000,5.525044807
lig,38,22,7,15,14,14,7,2,ncon,,7:55,#VALUE!,15000,4.176091259
lin,22,15,7,8,7,7,7,0,ncon,Bantoid,2:00,18:30,2040000,6.309630167
lis,39,25,6,19,8,8,8,6,sitb,Burmese-Lolo,19:30,98:45:00,610000,5.785329835
lit,47,36,9,27,11,11,5,0,ieur,Baltic,55:00:00,24:00:00,2960000,6.471291711
lkt,36,27,4,23,9,9,5,0,siou,Siouan,45:00:00,#VALUE!,6200,3.792391689
lln,36,23,9,14,10,10,5,3,afas,East Chadic,9:10,15:45,26000,4.414973348
lme,38,30,11,19,8,5,5,0,afas,Masa,9:15,14:35,30000,4.477121255
lmp,35,22,7,15,7,7,7,6,ncon,,6:30,10:45,73000,4.86332286
lmw,39,29,6,23,10,10,5,0,penu,Miwok,39:00:00,#VALUE!,2,0.301029996
lns,45,26,8,18,12,12,6,7,ncon,Bantoid,6:10,10:45,125000,5.096910013
lok,25,18,7,11,7,7,7,0,ncon,Western Mande,9:15,-12:0,138000,5.139879086
lom,42,28,8,20,14,14,8,0,ncon,Western Mande,8:00,#VALUE!,165000,5.217483944
lor,38,28,11,17,10,10,10,0,ncon,,10:00,#VALUE!,6100,3.785329835
los,23,16,9,7,7,7,7,0,anes,Oceanic,-2:0,147:25:00,460,2.662757832
lue,36,22,12,10,10,10,5,4,ncon,Bantoid,-14:0,23:00,168000,5.225309282
lug,33,19,7,12,10,10,5,4,ncon,Bantoid,0:30,32:00:00,4130000,6.615950052
lui,34,23,7,16,11,11,6,0,utaz,Takic,33:30:00,-117:0,35,1.544068044
lun,32,22,7,15,10,10,5,0,ncon,Bantoid,-12:0,24:30:00,450000,5.653212514
luo,35,23,8,15,9,9,9,3,nsah,Nilotic,1:20,34:30:00,4270000,6.630427875
lut,37,33,2,31,4,4,4,0,sali,Central Salish,48:20:00,#VALUE!,60,1.77815125
lvk,20,15,6,9,5,5,5,0,epap,Lavukaleve,-9:0,159:00:00,1780,3.250420002
lyn,22,17,7,10,5,5,5,0,ncon,,#VALUE!,23:35,222000,5.346352974
lzz,32,27,4,23,5,5,5,0,kart,Kartvelian,41:30:00,41:30:00,30000,4.477121255
mam,43,33,7,26,10,10,5,0,maya,,15:25,#VALUE!,2.00E+05,5.301029996
maq,38,26,12,14,8,8,4,4,otma,Popolocan,17:45,#VALUE!,2500,3.397940009
mas,43,21,11,10,18,18,9,4,nsah,Nilotic,0:30,37:00:00,590000,5.770852012
maw,32,22,8,14,10,10,5,0,ncon,Gur,10:20,0:55,220000,5.342422681
maz,63,45,15,30,15,15,9,3,otma,Otomian,19:30,-100:0,350000,5.544068044
mbl,20,10,4,6,10,10,5,0,macg,MaxakalÃ_,#VALUE!,#VALUE!,800,2.903089987
mbo,31,20,7,13,7,7,7,4,ncon,,5:00,9:55,45000,4.653212514
mcf,21,15,4,11,6,6,6,0,pano,Panoan,#VALUE!,#VALUE!,1400,3.146128036
mcp,55,30,15,15,21,21,9,4,ncon,Bantoid,3:20,12:10,80000,4.903089987
mcs,54,26,10,16,24,24,10,4,ncon,Adamawa,9:30,13:55,8000,3.903089987
mcu,25,19,7,12,6,6,6,0,ncon,Bantoid,6:30,11:30,30000,4.477121255
mdd,38,30,14,16,8,8,5,0,ncon,Adamawa,7:45,13:10,38600,4.586587305
mde,29,22,10,12,7,7,7,0,nsah,Maban,13:45,21:00,296000,5.471291711
mdj,47,36,16,20,9,9,9,2,nsah,Mangbetu,2:35,27:00:00,620000,5.792391689
mdx,30,24,12,12,6,6,6,0,afas,North Omotic,6:10,35:30:00,21100,4.324282455
mec,24,19,13,6,5,5,5,0,aust,Maran,#VALUE!,135:00:00,15,1.176091259
men,34,23,10,13,7,7,7,4,ncon,Western Mande,8:00,#VALUE!,1480000,6.170261715
mfc,31,24,13,11,7,7,7,0,ncon,Ubangi,1:15,25:10:00,36100,4.557507202
mff,44,36,10,26,8,8,8,0,ncon,,6:45,10:15,3000,3.477121255
mfn,37,28,8,20,7,7,7,2,ncon,,5:50,8:25,1.00E+05,5
mgg,38,29,11,18,7,7,7,2,ncon,,2:00,15:30,45000,4.653212514
mgi,48,29,9,20,16,16,9,3,ncon,,8:30,8:20,50000,4.698970004
mgo,33,20,6,14,8,8,8,5,ncon,,5:55,9:55,87000,4.939519253
mhi,38,24,8,16,10,10,10,4,nsah,Moru-Madi,3:20,31:40:00,296000,5.471291711
mhj,29,24,11,13,5,5,5,0,altc,Mongolic,35:00:00,62:00:00,200,2.301029996
mhk,33,21,7,14,9,9,9,3,ncon,Bantoid,5:35,10:20,50100,4.699837726
mhr,27,19,8,11,8,8,8,0,urlc,Mari,55:30:00,55:40:00,451000,5.654176542
mhz,19,14,10,4,5,5,5,0,anes,South Halmahera - West New Guinea,-3:0,135:40:00,700,2.84509804
mif,44,35,13,22,7,7,5,2,afas,Biu-Mandara,10:30,14:00,60000,4.77815125
mig,32,19,6,13,10,10,5,3,otma,Mixtecan,17:03,#VALUE!,14500,4.161368002
mjg,28,23,10,13,5,5,5,0,altc,Mongolic,36:00:00,102:00:00,152000,5.181843588
mkd,32,26,7,19,6,6,6,0,ieur,Slavic,41:05:00,22:35,1390000,6.1430148
mky,37,32,12,20,5,5,5,0,anes,South Halmahera - West New Guinea,0:15,127:20:00,20000,4.301029996
mla,21,16,10,6,5,5,5,0,anes,Oceanic,#VALUE!,167:10:00,4000,3.602059991
mlf,41,17,8,9,22,18,9,2,ausa,,19:20,101:15:00,23200,4.365487985
mlq,27,20,8,12,7,7,7,0,ncon,Western Mande,13:00,-11:0,422000,5.625312451
mlt,55,45,12,33,10,10,5,0,afas,Semitic,35:55:00,14:25,3.00E+05,5.477121255
mlv,22,15,7,8,7,7,7,0,anes,Oceanic,#VALUE!,167:35:00,2200,3.342422681
mnb,33,28,14,14,5,5,5,0,anes,Sulawesi,-5:0,122:25:00,3.00E+05,5.477121255
mnc,25,18,6,12,7,7,7,0,altc,Tungusic,49:30:00,127:30:00,60,1.77815125
mnf,41,23,8,15,14,14,8,4,ncon,Bantoid,5:40,9:55,34000,4.531478917
mnh,44,33,13,20,8,8,8,3,ncon,,4:00,19:00,65000,4.812913357
mni,33,25,8,17,6,6,6,2,sitb,Kuki-Chin,24:45:00,94:00:00,1370000,6.136720567
mnk,34,19,8,11,10,10,5,5,ncon,Western Mande,12:45,-14:0,669000,5.825426118
moa,39,21,4,17,12,12,7,6,ncon,,7:50,#VALUE!,17000,4.230448921
moc,31,23,8,15,8,8,4,0,mgua,Guaicuruan,-28:0,-61:0,4530,3.656098202
mor,29,22,9,13,7,7,7,0,ncon,Heiban,10:55,30:10:00,30000,4.477121255
mos,43,17,6,11,24,24,8,2,ncon,Gur,12:30,#VALUE!,5.00E+06,6.698970004
mpb,19,14,10,4,5,5,5,0,aust,Northern Daly,#VALUE!,130:45:00,9,0.954242509
mph,24,19,12,7,5,5,5,0,aust,Iwaidjan,#VALUE!,133:15:00,240,2.380211242
mps,23,13,5,8,10,10,5,0,trng,Teberan,#VALUE!,144:35:00,10000,4
mpt,25,13,5,8,8,4,4,4,trng,Ok,#VALUE!,141:30:00,1400,3.146128036
mqs,23,17,7,10,6,6,6,0,wpap,North Halmaheran,0:30,127:35:00,12000,4.079181246
mri,20,10,5,5,10,10,5,0,anes,Oceanic,-38:0,176:30:00,60000,4.77815125
mrq,22,12,3,9,10,10,5,0,anes,Oceanic,#VALUE!,#VALUE!,3400,3.531478917
mrt,44,36,9,27,6,6,6,2,afas,Biu-Mandara,11:00,13:00,158000,5.198657087
mrw,17,13,5,8,4,4,4,0,anes,Southern Philippines,7:50,124:00:00,776000,5.889861721
mtb,37,21,7,14,16,16,10,0,ncon,,6:10,#VALUE!,3.00E+05,5.477121255
mto,23,14,3,11,9,9,9,0,mizo,Mixe-Zoque,17:15,-96:0,5200,3.716003344
muh,41,29,12,17,9,9,9,3,ncon,Ubangi,4:45,29:40:00,23000,4.361727836
muo,42,23,10,13,14,14,8,5,ncon,,5:55,10:25,30000,4.477121255
mur,26,21,11,10,5,5,5,0,nsah,Surmic,6:30,34:00:00,60000,4.77815125
mva,18,13,5,8,5,5,5,0,anes,Oceanic,#VALUE!,145:05:00,7950,3.900367129
mwf,25,21,11,10,4,4,4,0,aust,Murrinh-Patha,#VALUE!,129:40:00,1430,3.155336037
mwk,33,19,7,12,14,14,7,0,ncon,,13:00,#VALUE!,6.00E+05,5.77815125
mwp,24,18,8,10,6,6,6,0,aust,Pama-Nyungan,-10:0,143:00:00,930,2.968482949
mwt,32,22,7,15,10,10,6,0,anes,,9:05,97:50:00,7000,3.84509804
mxu,40,22,7,15,13,13,8,5,afas,Biu-Mandara,10:50,14:05,17000,4.230448921
mya,50,34,13,21,13,11,8,3,sitb,Burmese-Lolo,21:00,96:00:00,3.20E+07,7.505149978
myk,50,29,11,18,19,19,7,2,ncon,,12:30,#VALUE!,738000,5.868056362
myp,11,8,2,6,3,3,3,0,mura,Mura,-7:0,-62:0,360,2.556302501
myu,39,17,6,11,20,20,10,2,tupi,Munduruku,#VALUE!,#VALUE!,10100,4.004321374
mzk,43,25,13,12,16,16,8,2,ncon,Bantoid,6:45,11:25,99000,4.995635195
mzm,34,23,7,16,11,11,6,0,ncon,Adamawa,9:00,11:40,4.00E+05,5.602059991
mzn,29,22,5,17,7,7,7,0,ieur,Iranian,36:30:00,52:00:00,3270000,6.514547753
mzp,23,18,6,12,5,5,5,0,_mzp,Movima,#VALUE!,#VALUE!,1450,3.161368002
mzw,52,22,8,14,30,30,10,0,ncon,,7:20,0:00,26400,4.421603927
nab,43,25,10,15,18,18,10,0,namb,Nambikuaran,#VALUE!,#VALUE!,1150,3.06069784
nam,28,20,10,10,8,8,4,0,aust,Southern Daly,#VALUE!,131:30:00,220,2.342422681
nan,25,19,10,9,6,6,6,0,sitb,Chinese,24:30:00,118:10:00,25700000,7.409933123
naq,33,19,4,15,8,8,5,6,khoi,Central Khoisan,-21:0,16:00,2.00E+05,5.301029996
nas,18,8,3,5,10,10,5,0,epap,East Bougainville,#VALUE!,155:40:00,20000,4.301029996
nav,54,36,8,28,16,16,4,2,nadn,Athapaskan,36:30:00,-110:0,149000,5.173186268
nbf,49,38,10,28,11,11,11,0,sitb,Naxi,27:30:00,100:00:00,309000,5.489958479
nbj,23,17,12,5,6,6,3,0,aust,Pama-Nyungan,#VALUE!,130:45:00,170,2.230448921
ncg,42,32,16,16,10,10,5,0,penu,Tsimshianic,55:05:00,#VALUE!,920,2.963787827
ncj,20,16,4,12,4,4,4,0,utaz,Aztecan,20:00,#VALUE!,60000,4.77815125
ncl,25,20,7,13,5,5,5,0,utaz,Aztecan,18:20,#VALUE!,3000,3.477121255
ncu,30,21,8,13,9,9,9,0,ncon,Kwa,8:15,0:15,69000,4.838849091
ndb,65,55,25,30,10,10,10,0,ncon,,6:00,10:25,25000,4.397940009
ndi,34,22,7,15,9,9,9,3,ncon,Adamawa,8:30,12:30,62000,4.792391689
nds,37,23,6,17,14,10,6,0,ieur,Germanic,53:00:00,10:00,1000,3
ndv,34,27,16,11,7,7,7,0,ncon,Northern Atlantic,14:55,-17:0,38600,4.586587305
neb,50,19,4,15,27,27,9,4,ncon,,7:40,#VALUE!,38500,4.58546073
nep,39,27,5,22,12,12,6,0,ieur,Indic,28:00:00,85:00:00,11100000,7.045322979
new,32,24,15,9,8,8,4,0,sitb,Bodic,27:40:00,85:30:00,825000,5.916453949
nez,36,26,10,16,10,10,5,0,penu,Sahaptian,46:15:00,-117:0,200,2.301029996
nfr,44,25,9,16,19,19,7,0,ncon,Gur,8:00,#VALUE!,61000,4.785329835
nga,34,22,7,15,12,12,7,0,ncon,Ubangi,3:40,20:00,1010000,6.004321374
ngb,31,19,6,13,12,12,7,0,ncon,Ubangi,3:50,22:20,250000,5.397940009
nge,40,29,10,19,9,9,9,2,ncon,Bantoid,6:10,10:00,18800,4.274157849
ngi,40,34,12,22,6,6,3,0,afas,West Chadic,12:00,11:00,80000,4.903089987
nhb,49,24,9,15,19,19,7,6,ncon,Eastern Mande,7:45,#VALUE!,17000,4.230448921
nhu,33,19,11,8,14,14,7,0,ncon,Bantoid,6:25,10:35,25000,4.397940009
nie,36,23,10,13,13,13,7,0,ncon,Adamawa,9:45,17:40,5160,3.712649702
nio,29,20,11,9,9,9,9,0,urlc,Samoyedic,73:30:00,85:30:00,500,2.698970004
nir,18,12,4,8,6,6,6,0,trng,Nimboran,#VALUE!,140:10:00,2000,3.301029996
niv,44,35,11,24,9,9,5,0,_niv,Nivkh,53:00:00,141:00:00,690,2.838849091
niz,21,14,7,7,7,7,7,0,torr,Wapei-Palei,#VALUE!,142:15:00,950,2.977723605
njo,20,14,6,8,6,6,6,0,sitb,Kuki-Chin,26:35:00,94:40:00,232000,5.365487985
nla,59,37,9,28,19,19,9,3,ncon,,5:45,10:10,45000,4.653212514
nld,39,24,9,15,15,12,7,0,ieur,Germanic,52:00:00,5:00,16400000,7.214843848
nmg,54,46,10,36,8,8,8,0,ncon,Bantoid,3:05,10:15,9000,3.954242509
nml,53,30,14,16,18,18,9,5,ncon,,4:40,10:10,5950,3.774516966
nmm,45,30,9,21,10,10,6,5,sitb,Bodic,28:33:00,84:12:00,3740,3.572871602
nmu,24,18,5,13,6,6,6,0,penu,Maiduan,40:20:00,#VALUE!,2,0.301029996
nmz,35,21,8,13,14,14,7,0,ncon,,8:40,1:00,146000,5.164352856
nna,27,20,13,7,7,7,3,0,aust,Pama-Nyungan,#VALUE!,122:10:00,260,2.414973348
nnh,28,17,6,11,7,7,7,4,ncon,,5:25,10:05,250000,5.397940009
nnk,20,14,5,9,6,6,6,0,trng,Finisterre-Huon,#VALUE!,146:30:00,2500,3.397940009
nnm,15,9,6,3,6,6,6,0,sepr,Yellow River,#VALUE!,141:45:00,6000,3.77815125
nob,48,27,13,14,19,19,10,2,ieur,Germanic,,,4640000,6.666517981
noo,47,37,8,29,10,10,5,0,waka,Southern Wakashan,49:25:00,-126:0,200,2.301029996
nrb,22,17,10,7,5,5,5,0,nsah,Nara,15:20,37:30:00,81400,4.910624405
nsh,34,26,8,18,6,6,6,2,ncon,,6:05,9:50,9200,3.963787827
nup,38,25,6,19,8,8,5,5,ncon,Nupoid,9:00,5:30,8.00E+05,5.903089987
nus,48,20,9,11,28,28,14,0,nsah,Nilotic,8:40,32:00:00,740000,5.86923172
nut,32,21,10,11,11,10,6,0,taik,Kam-Tai,21:55,106:30:00,856000,5.932473765
nuv,54,21,8,13,30,30,10,3,ncon,Gur,12:10,-3:0,50000,4.698970004
nuy,24,19,13,6,5,5,4,0,aust,Nunggubuyu,#VALUE!,135:40:00,360,2.556302501
nwb,44,24,7,17,16,16,9,4,ncon,,6:48,#VALUE!,42700,4.630427875
nxg,27,21,5,16,6,6,6,0,anes,Central Malayo-Polynesian,#VALUE!,120:55:00,60000,4.77815125
nxl,17,12,6,6,5,5,5,0,anes,Central Malayo-Polynesian,#VALUE!,129:05:00,1500,3.176091259
nyi,25,18,9,9,7,7,7,0,nsah,Nyimang,12:07,29:27:00,70000,4.84509804
nyl,40,20,7,13,20,20,10,0,ausa,,15:00,104:15:00,200,2.301029996
nym,53,36,21,15,14,14,7,3,ncon,Bantoid,-5:0,33:00:00,980000,5.991226076
nyn,28,20,5,15,8,5,5,0,ncon,Bantoid,0:30,30:30:00,2330000,6.367355921
oca,38,27,8,19,9,9,5,2,wita,Huitoto,#VALUE!,#VALUE!,54,1.73239376
ogb,34,24,13,11,10,10,10,0,ncon,Cross River,4:40,6:20,2.00E+05,5.301029996
ojg,27,16,3,13,11,11,3,0,algi,Algonquian,45:00:00,-79:0,25900,4.413299764
okr,36,24,8,16,10,10,10,2,ncon,,4:35,7:00,248000,5.394451681
oku,29,18,6,12,7,7,7,4,ncon,Bantoid,6:15,10:30,40000,4.602059991
okv,17,12,3,9,5,5,5,0,trng,Binanderean,,,35000,4.544068044
one,22,10,4,6,12,12,4,0,iroq,Northern Iroquoian,43:15:00,#VALUE!,200,2.301029996
ood,29,19,6,13,10,10,5,0,utaz,Tepiman,33:20:00,#VALUE!,9600,3.982271233
oon,24,16,8,8,8,8,8,0,anda,South Andamanese,10:45,92:25:00,94,1.973127854
oru,31,25,11,14,6,6,6,0,ieur,Iranian,32:30:00,69:45:00,1000,3
oss,39,30,6,24,9,9,9,0,ieur,Iranian,43:00:00,44:10:00,1.00E+05,5
ote,58,42,13,29,13,13,9,3,otma,Otomian,20:10,#VALUE!,1.00E+05,5
ozm,52,22,7,15,24,24,12,6,ncon,,,,30000,4.477121255
pac,33,18,7,11,15,12,12,0,ausa,Katuic,16:25,107:10:00,16000,4.204119983
pae,51,42,22,20,7,7,7,2,ncon,,3:05,22:00,28000,4.447158031
pan,73,50,14,36,20,20,10,3,ieur,Indic,31:00:00,74:00:00,27100000,7.432969291
pao,24,14,5,9,10,10,5,0,utaz,Numic,41:00:00,-118:0,1630,3.212187604
par,36,23,10,13,13,12,6,0,utaz,Numic,36:40:00,-117:0,20,1.301029996
pau,22,10,4,6,12,12,6,0,anes,Palauan,7:10,134:30:00,14800,4.170261715
pav,20,14,6,8,6,6,6,0,chaw,Chapacura-Wanham,#VALUE!,#VALUE!,1930,3.285557309
pay,28,18,11,7,10,10,5,0,chib,Paya,15:00,#VALUE!,990,2.995635195
pbb,39,29,14,15,10,10,4,0,_pbb,PÃ¡ezan,2:40,-76:0,77400,4.888740961
pbh,25,12,7,5,13,13,7,0,cari,Cariban,7:00,#VALUE!,3540,3.549003262
pbi,35,31,12,19,4,4,4,0,afas,Biu-Mandara,11:00,14:06,30000,4.477121255
pcc,38,24,7,17,8,8,7,6,taik,Kam-Tai,26:03:00,105:45:00,2600000,6.414973348
pes,30,24,6,18,6,6,6,0,ieur,Iranian,32:00:00,54:00:00,2.20E+07,7.342422681
pex,30,15,7,8,15,11,8,0,anes,,#VALUE!,154:30:00,2000,3.301029996
phl,40,30,8,22,10,10,5,0,ieur,,35:50:00,71:45:00,10000,4
pib,26,16,6,10,10,10,5,0,arwk,Arawakan,#VALUE!,#VALUE!,4000,3.602059991
pil,38,25,9,16,9,9,9,4,ncon,,9:50,1:50,74000,4.86923172
plg,22,18,7,11,4,4,4,0,mgua,Guaicuruan,-25:0,-60:0,4000,3.602059991
plo,32,20,7,13,12,12,6,0,mizo,Mixe-Zoque,17:58,#VALUE!,100,2
plt,36,31,18,13,5,5,5,0,anes,Barito,,,7520000,6.876217841
pmq,54,40,19,21,12,12,6,2,otma,,22:00,#VALUE!,5620,3.749736316
pol,37,31,8,23,6,6,6,0,ieur,Slavic,52:00:00,20:00,36600000,7.563481085
pom,38,27,6,21,11,11,6,0,hoka,Pomoan,39:00:00,#VALUE!,5,0.698970004
pon,20,14,8,6,6,6,6,0,anes,Oceanic,7:00,158:00:00,29000,4.462397998
poq,29,19,7,12,10,10,5,0,mizo,,17:53,#VALUE!,430,2.633468456
por,38,23,10,13,15,15,7,0,ieur,Romance,40:00:00,-8:0,1.00E+07,7
pos,25,19,6,13,6,6,6,0,mizo,Mixe-Zoque,17:50,95:00:00,4000,3.602059991
prk,77,34,17,17,43,18,18,0,ausa,Palaung-Khmuic,23:15,99:30:00,922000,5.964730921
prt,35,17,8,9,18,18,9,0,ausa,,19:15,101:10:00,20000,4.301029996
pst,38,31,8,23,7,7,4,0,ieur,Iranian,33:00:00,67:00:00,7920000,6.898725182
ptp,44,30,18,12,14,14,7,0,anes,Oceanic,-7:0,146:40:00,1700,3.230448921
pwn,26,22,11,11,4,4,4,0,anes,Paiwanic,22:20,120:50:00,66100,4.820201459
pww,52,23,8,15,24,17,15,5,sitb,Karen,15:10,99:00:00,60000,4.77815125
quc,32,22,6,16,10,10,5,0,maya,Mayan,15:00,#VALUE!,1900000,6.278753601
qug,36,31,7,24,5,5,5,0,quch,Quechuan,#VALUE!,-79:0,1.00E+06,6
quh,37,32,9,23,5,5,5,0,quch,Quechuan,-20:0,-66:0,2780000,6.444044796
qui,37,33,3,30,4,4,4,0,chmn,Chimakuan,47:50:00,#VALUE!,10,1
qum,32,22,7,15,10,10,5,0,maya,Mayan,15:13,#VALUE!,8000,3.903089987
qvh,31,21,8,13,10,10,5,0,quch,Quechuan,-9:0,#VALUE!,72400,4.859738566
qwh,30,20,7,13,10,10,5,0,quch,,-9:0,-78:0,336000,5.526339277
qxl,29,24,7,17,5,5,5,0,quch,,#VALUE!,#VALUE!,14300,4.155336037
qxw,27,22,9,13,5,5,5,0,quch,,#VALUE!,#VALUE!,23000,4.361727836
rel,33,21,8,13,10,10,5,2,afas,Eastern Cushitic,2:00,37:30:00,34700,4.540329475
rgr,35,30,8,22,5,5,5,0,arwk,Arawakan,#VALUE!,#VALUE!,14,1.146128036
rif,49,45,12,33,4,4,4,0,afas,Berber,34:30:00,#VALUE!,1500000,6.176091259
rma,28,19,8,11,9,9,5,0,chib,Rama,11:42,#VALUE!,24,1.380211242
ron,31,22,6,16,9,9,9,0,ieur,Romance,46:00:00,25:00:00,19700000,7.294466226
roo,11,6,1,5,5,5,5,0,epap,West Bougainville,-6:0,155:05:00,4320,3.635483747
rro,14,9,3,6,5,5,5,0,anes,Oceanic,#VALUE!,146:30:00,15000,4.176091259
ruk,57,30,13,17,24,16,8,3,ncon,,9:50,8:35,1.00E+05,5
run,29,22,6,16,5,5,5,2,ncon,Bantoid,#VALUE!,30:00:00,4600000,6.662757832
rus,38,33,9,24,5,5,5,0,ieur,Slavic,56:00:00,38:00:00,1.16E+08,8.064457989
rut,64,59,17,42,5,5,5,0,ncau,Lezgic,41:40:00,47:15:00,29400,4.46834733
rwr,46,36,11,25,10,8,8,0,ieur,,,,5600000,6.748188027
sad,54,47,10,37,7,7,7,0,khoi,Sandawe,#VALUE!,35:25:00,40000,4.602059991
sae,18,13,5,8,5,5,5,0,namb,,#VALUE!,#VALUE!,1,0
sah,49,33,13,20,16,16,8,0,altc,Turkic,73:00:00,115:00:00,363000,5.559906625
sas,30,19,8,11,11,5,5,0,anes,,#VALUE!,116:30:00,2100000,6.322219295
sba,34,18,6,12,13,13,8,3,nsah,Bongo-Bagirmi,8:45,16:00,896000,5.95230801
sbd,26,18,6,12,8,8,8,0,ncon,,13:00,-3:0,85000,4.929418926
sbf,43,28,8,20,13,13,8,2,nsah,Shabo,7:40,35:23:00,450,2.653212514
sbs,51,46,15,31,5,5,5,0,ncon,Bantoid,#VALUE!,25:50:00,26600,4.424881637
sed,53,39,27,12,14,14,14,0,ausa,Bahnaric,14:50,108:00:00,101000,5.004321374
see,27,11,4,7,16,16,6,0,iroq,Northern Iroquoian,36:00:00,#VALUE!,150,2.176091259
sef,36,24,15,9,12,12,7,0,ncon,Gur,9:30,#VALUE!,862000,5.935507266
sei,25,17,4,13,8,8,4,0,hoka,Seri,29:00:00,#VALUE!,900,2.954242509
sel,34,18,12,6,16,16,7,0,urlc,Samoyedic,60:00:00,82:30:00,1640,3.214843848
seq,53,21,6,15,28,28,7,4,ncon,,10:31,#VALUE!,50000,4.698970004
ser,42,33,11,22,9,9,9,0,utaz,Takic,34:00:00,#VALUE!,1,0
ses,48,33,13,20,15,15,6,0,nsah,Songhay,17:00,-1:0,1.00E+05,5
set,17,10,5,5,7,7,7,0,trng,Sentani,#VALUE!,140:30:00,30000,4.477121255
sey,18,12,3,9,6,6,6,0,tucn,Tucanoan,0:15,-76:0,550,2.740362689
sgz,21,15,7,8,6,6,6,0,anes,Oceanic,-4:0,152:50:00,3000,3.477121255
shb,25,13,8,5,12,12,6,0,yano,Yanomam,3:45,#VALUE!,470,2.672097858
shi,31,28,16,12,3,3,3,0,afas,Berber,29:30:00,-8:0,3.00E+06,6.477121255
shn,25,20,9,11,5,5,5,0,taik,Kam-Tai,19:15,98:00:00,3200000,6.505149978
shs,44,37,21,16,7,7,7,0,sali,Interior Salish,51:20:00,121:00:00,500,2.698970004
sid,35,25,7,18,10,10,5,0,afas,Eastern Cushitic,6:40,38:20:00,2900000,6.462397998
sin,53,37,13,24,16,16,7,0,ieur,Indic,8:00,81:00:00,15500000,7.190331698
sja,31,17,3,14,14,14,7,0,choc,Choco,2:50,#VALUE!,3500,3.544068044
sjr,22,15,7,8,7,7,7,0,anes,Oceanic,#VALUE!,152:55:00,2080,3.318063335
sjw,19,13,5,8,6,6,4,0,algi,Algonquian,34:50:00,#VALUE!,200,2.301029996
skd,21,15,6,9,6,6,6,0,penu,Miwok,37:30:00,120:00:00,7,0.84509804
skf,35,15,7,8,20,20,5,0,tupi,Tupari,#VALUE!,#VALUE!,23,1.361727836
skr,83,48,15,33,35,18,9,0,ieur,,29:40:00,70:35:00,13800000,7.139879086
skv,23,13,6,7,7,7,7,3,skoo,Western Skou,#VALUE!,140:55:00,700,2.84509804
slc,32,22,6,16,10,10,5,0,slvn,SÃ¡liba,6:00,-70:0,1310,3.117271296
sld,51,22,7,15,27,27,9,2,ncon,,11:02,#VALUE!,13000,4.113943352
slu,19,14,6,8,5,5,5,0,anes,Central Malayo-Polynesian,#VALUE!,130:55:00,8000,3.903089987
slv,37,21,6,15,16,16,8,0,ieur,Slavic,46:00:00,15:00,1730000,6.238046103
sma,45,39,22,17,6,6,6,0,urlc,Saami,63:40:00,15:20,300,2.477121255
smq,18,12,4,8,6,6,6,0,trng,East Strickland,#VALUE!,142:10:00,900,2.954242509
sna,42,37,8,29,5,5,5,0,ncon,Bantoid,-19:0,31:00:00,10700000,7.029383778
snd,54,44,15,29,10,10,10,0,ieur,Indic,26:00:00,69:00:00,18500000,7.267171728
snk,52,34,12,22,14,14,5,4,ncon,Western Mande,15:00,-9:0,7.00E+05,5.84509804
snn,30,18,9,9,12,12,6,0,tucn,Tucanoan,0:25,-76:0,300,2.477121255
snv,46,38,19,19,8,8,7,0,anes,Northwest Malayo-Polynesian,3:40,115:45:00,1110,3.045322979
som,52,30,9,21,20,20,10,2,afas,Eastern Cushitic,0:00,48:00:00,8340000,6.921166051
spa,25,20,9,11,5,5,5,0,ieur,Romance,40:00:00,-4:0,28200000,7.450249108
spl,21,15,10,5,6,6,6,0,trng,Finisterre-Huon,#VALUE!,147:15:00,7000,3.84509804
spo,43,38,13,25,5,5,5,0,sali,Interior Salish,47:50:00,-138:0,50,1.698970004
spy,31,13,8,5,18,18,10,0,nsah,,1:00,34:45:00,279000,5.445604203
sqt,34,28,16,12,6,6,6,0,afas,Semitic,12:30,54:00:00,57000,4.755874856
squ,37,30,5,25,7,7,4,0,sali,Central Salish,49:30:00,#VALUE!,15,1.176091259
srq,28,18,7,11,10,10,5,0,tupi,Tupi-GuaranÃ_,#VALUE!,64:00:00,400,2.602059991
srr,43,33,13,20,10,10,5,0,ncon,,16:30,-15:0,1130000,6.053078443
ssg,28,11,5,6,17,10,5,0,anes,,#VALUE!,144:10:00,1000,3
sso,46,37,8,29,9,9,9,0,anes,,-3:0,142:05:00,300,2.477121255
stc,47,30,21,9,17,16,9,0,epap,Oceanic,-11:0,166:00:00,4280,3.631443769
str,40,35,13,22,5,5,5,0,sali,Central Salish,48:27:00,#VALUE!,20,1.301029996
stw,42,29,15,14,13,13,8,0,anes,,7:15,147:00:00,460,2.662757832
sue,18,13,9,4,5,5,5,0,trng,Binanderean,#VALUE!,147:30:00,3000,3.477121255
sun,26,19,8,11,7,7,7,0,anes,Sundanese,-7:0,107:30:00,3.40E+07,7.531478917
suq,31,22,8,14,7,7,7,2,nsah,Surmic,5:40,35:40:00,19600,4.292256071
sur,37,25,8,17,12,12,6,0,afas,West Chadic,9:35,8:30,295000,5.469822016
sus,35,21,9,12,14,14,7,0,ncon,Western Mande,10:00,-13:0,906000,5.957128198
svr,30,19,8,11,11,11,11,0,drav,,19:09,82:21:00,20200,4.305351369
svs,22,17,10,7,5,5,5,0,epap,Savosavo,#VALUE!,159:50:00,2420,3.383815366
swe,35,18,5,13,17,17,9,0,ieur,Germanic,60:00:00,15:00,7910000,6.898176483
swh,36,31,10,21,5,5,5,0,ncon,Bantoid,#VALUE!,39:50:00,350000,5.544068044
swi,54,47,25,22,7,7,7,0,taik,Kam-Tai,26:00:00,107:30:00,2.00E+05,5.301029996
sxm,41,20,8,12,21,18,9,0,ausa,,13:30,104:00:00,50,1.698970004
sza,50,32,17,15,18,18,10,0,ausa,Aslian,3:00,103:00:00,6418,3.807399713
taj,29,19,7,12,10,10,10,0,sitb,Bodic,28:00:00,85:15:00,759000,5.880241776
tam,33,21,10,11,12,10,5,0,drav,Southern Dravidian,9:00,80:30:00,61500000,7.788875116
taq,43,22,7,15,21,21,7,0,afas,Berber,14:30,0:15,250000,5.397940009
tav,17,11,3,8,6,6,6,0,tucn,Tucanoan,0:30,#VALUE!,400,2.602059991
tay,27,19,7,12,8,8,5,0,anes,Atayalic,24:30:00,121:00:00,84300,4.925827575
tba,32,22,10,12,10,10,7,0,arwk,Arawakan,#VALUE!,#VALUE!,180,2.255272505
tbi,33,24,8,16,9,9,9,0,nsah,Eastern Jebel,11:20,34:00:00,67200,4.827369273
tbz,32,17,7,10,12,12,7,3,ncon,,10:15,1:15,120000,5.079181246
tca,38,18,6,12,11,11,6,9,_tca,Ticuna,-4:0,#VALUE!,32600,4.5132176
tcb,54,35,10,25,14,14,6,5,nadn,Athapaskan,64:00:00,-143:0,35,1.544068044
tcy,37,24,10,14,13,13,7,0,drav,Southern Dravidian,12:45,75:20:00,1950000,6.290034611
tdh,38,30,7,23,8,8,8,0,sitb,Bodic,27:25:00,86:30:00,30000,4.477121255
ted,39,17,4,13,18,18,9,4,ncon,,4:40,#VALUE!,28300,4.451786436
tee,36,26,7,19,10,10,5,0,toto,Totonacan,20:30,#VALUE!,3000,3.477121255
teh,35,28,7,21,7,7,7,0,chon,Chon Proper,-47:0,#VALUE!,4,0.602059991
tel,68,47,12,35,21,21,10,0,drav,South-Central Dravidian,16:00,79:00:00,69600000,7.84260924
tem,25,17,6,11,8,8,8,0,ncon,Southern Atlantic,8:45,#VALUE!,1230000,6.089905111
teq,25,18,8,10,7,7,7,0,nsah,Temein,11:50,29:25:00,13000,4.113943352
tet,19,14,8,6,5,5,5,0,anes,Central Malayo-Polynesian,#VALUE!,125:05:00,4.00E+05,5.602059991
tew,57,34,7,27,19,19,6,4,kita,Kiowa-Tanoan,36:00:00,#VALUE!,1300,3.113943352
tfi,41,23,6,17,14,14,7,4,ncon,,6:40,2:38,66000,4.819543936
tft,25,20,8,12,5,5,5,0,wpap,North Halmaheran,0:50,127:20:00,42000,4.62324929
tgc,17,12,4,8,5,5,5,0,anes,Oceanic,#VALUE!,150:55:00,6000,3.77815125
tgl,28,18,7,11,10,10,5,0,anes,Meso-Philippine,14:00,121:00:00,21500000,7.33243846
tgw,45,23,8,15,22,22,6,0,ncon,,8:47,#VALUE!,138000,5.139879086
tha,45,21,7,14,18,18,9,6,taik,Kam-Tai,15:00,100:40:00,20200000,7.305351369
thm,47,20,7,13,23,20,10,4,ausa,,17:25,103:20:00,750,2.875061263
thv,37,25,7,18,12,12,7,0,afas,Berber,22:30,7:00,25000,4.397940009
tig,54,47,11,36,7,7,2,0,afas,Semitic,16:05,40:05:00,1050000,6.021189299
tik,46,27,7,20,14,14,8,5,ncon,Bantoid,5:50,11:40,25000,4.397940009
tiw,18,14,9,5,4,4,4,0,aust,Tiwian,#VALUE!,131:00:00,1830,3.26245109
tix,41,26,6,20,12,12,6,3,kita,Kiowa-Tanoan,35:05:00,#VALUE!,1630,3.212187604
tiy,22,16,7,9,6,6,6,0,anes,South Mindanao,6:50,124:10:00,50000,4.698970004
tlf,27,17,6,11,8,8,3,2,trng,Ok,5:00,141:45:00,5400,3.73239376
tli,48,43,16,27,5,5,5,0,nadn,Tlingit,59:30:00,-136:0,1200,3.079181246
tlo,21,14,8,6,7,7,7,0,ncon,Talodi Proper,10:40,30:30:00,1500,3.176091259
tma,30,21,9,12,9,9,9,0,nsah,Taman,14:30,22:00,62900,4.798650645
tml,19,14,4,10,5,5,5,0,trng,Asmat-Kamoro,#VALUE!,139:10:00,290,2.462397998
tna,22,18,5,13,4,4,4,0,taca,Tacanan,#VALUE!,-68:0,1820,3.260071388
tnl,21,15,8,7,6,6,6,0,anes,Oceanic,#VALUE!,169:10:00,11500,4.06069784
tob,28,21,8,13,7,7,4,0,mgua,Guaicuruan,-26:0,-59:0,19800,4.29666519
tol,31,26,5,21,5,5,5,0,nadn,,41:50:00,-124:0,4,0.602059991
ton,17,12,4,8,5,5,5,0,anes,Oceanic,#VALUE!,#VALUE!,96300,4.983626287
top,26,20,5,15,6,6,3,0,toto,Totonacan,20:25,#VALUE!,80000,4.903089987
toq,27,17,8,9,9,9,9,1,nsah,,5:20,34:00:00,1.00E+05,5
tow,61,39,11,28,22,22,6,0,kita,Kiowa-Tanoan,35:40:00,#VALUE!,1300,3.113943352
tpm,33,24,9,15,9,9,9,0,ncon,Gur,9:50,#VALUE!,16000,4.204119983
tpt,34,24,8,16,10,10,5,0,toto,Totonacan,20:45,#VALUE!,3000,3.477121255
tpx,30,20,6,14,10,10,5,0,subt,Subtiaba-Tlapanec,17:11,-99:0,54000,4.73239376
tpy,24,18,6,12,6,6,6,0,_tpy,Trumai,#VALUE!,#VALUE!,100,2
tpz,26,12,5,7,14,13,7,0,anes,,#VALUE!,155:00:00,3900,3.591064607
tqo,14,8,4,4,6,6,6,0,trng,Eleman Proper,#VALUE!,146:15:00,23000,4.361727836
trg,40,24,5,19,16,16,10,0,afas,Semitic,38:00:00,47:00:00,4230,3.626340367
trv,43,33,11,22,10,10,10,0,anes,Atayalic,24:00:00,121:30:00,20000,4.301029996
trw,51,38,8,30,13,13,7,0,ieur,Indic,34:15:00,72:00:00,60000,4.77815125
tsi,41,38,12,26,3,3,3,0,penu,Tsimshianic,54:25:00,#VALUE!,750,2.875061263
tsj,37,32,8,24,5,5,5,0,sitb,Bodic,27:50:00,92:10:00,157000,5.195899652
tsp,35,16,6,10,14,14,7,5,ncon,Gur,11:10,#VALUE!,19500,4.290034611
tsu,21,15,5,10,6,6,6,0,anes,Tsouic,23:30,120:45:00,2130,3.328379603
tsz,32,26,7,19,6,6,6,0,tara,Tarascan,19:30,#VALUE!,40000,4.602059991
ttl,54,44,14,30,10,10,5,0,ncon,,#VALUE!,24:40:00,14000,4.146128036
ttq,37,23,7,16,14,14,7,0,afas,,15:00,4:00,450000,5.653212514
ttr,48,42,13,29,6,6,6,0,afas,Biu-Mandara,11:10,11:50,101000,5.004321374
tuq,35,24,8,16,11,11,11,0,nsah,Western Saharan,20:00,19:00,28500,4.45484486
tur,40,24,6,18,16,16,8,0,altc,Turkic,39:00:00,35:00:00,46300000,7.665580991
tvd,52,38,9,29,12,12,6,2,ncon,,11:06,5:15,150000,5.176091259
twf,38,26,12,14,12,12,6,0,kita,Kiowa-Tanoan,36:30:00,#VALUE!,930,2.968482949
txx,21,17,8,9,4,4,4,0,anes,Northwest Malayo-Polynesian,5:30,115:30:00,5500,3.740362689
tyv,37,21,7,14,16,16,8,0,altc,Turkic,51:00:00,96:00:00,235000,5.371067862
tzh,30,25,7,18,5,5,5,0,maya,Mayan,17:09,#VALUE!,90000,4.954242509
tzj,35,25,6,19,10,10,5,0,maya,Mayan,14:36,#VALUE!,50000,4.698970004
tzo,26,21,5,16,5,5,5,0,maya,,16:21,#VALUE!,264230,5.421982125
ukr,30,24,6,18,6,6,6,0,ieur,Slavic,50:00:00,30:00:00,31100000,7.492760389
ulw,28,22,14,8,6,6,3,0,misu,,,,6700,3.826074803
ung,24,18,13,5,6,6,6,0,aust,Wororan,#VALUE!,126:30:00,82,1.913813852
unr,37,32,14,18,5,5,5,0,ausa,Munda,,,1550000,6.190331698
usa,22,17,13,4,5,5,5,0,trng,Eastern Highlands,#VALUE!,145:35:00,1300,3.113943352
ute,37,19,5,14,18,18,9,0,utaz,Numic,37:10:00,-109:0,1980,3.29666519
uvh,24,16,6,10,8,8,6,0,trng,,#VALUE!,146:35:00,2500,3.397940009
uzn,30,24,6,18,6,6,6,0,altc,Turkic,40:00:00,66:00:00,16500000,7.217483944
vag,54,24,9,15,30,30,10,0,ncon,Gur,9:23,#VALUE!,13500,4.130333768
vai,33,22,6,16,11,11,7,0,ncon,Western Mande,7:00,#VALUE!,104000,5.017033339
vam,28,12,4,8,16,16,8,0,skoo,Western Skou,#VALUE!,141:20:00,2670,3.426511261
var,26,12,5,7,14,5,5,0,utaz,Tarahumaran,27:50:00,#VALUE!,2840,3.45331834
vie,39,21,7,14,12,12,11,6,ausa,Viet-Muong,10:30,106:30:00,65800000,7.818225894
vut,59,30,14,16,24,24,8,5,ncon,,5:10,12:10,20000,4.301029996
wan,36,21,4,17,12,12,7,3,ncon,Eastern Mande,7:38,#VALUE!,22000,4.342422681
wap,29,17,4,13,12,12,4,0,arwk,Arawakan,2:45,#VALUE!,6000,3.77815125
was,32,26,11,15,6,6,6,0,hoka,Washo,39:00:00,#VALUE!,10,1
way,16,9,5,4,7,7,7,0,cari,Cariban,3:12,#VALUE!,400,2.602059991
wba,21,11,4,7,10,10,5,0,_wba,Warao,9:15,#VALUE!,28100,4.44870632
wbm,49,27,14,13,22,9,9,0,ausa,,21:13,99:28:00,40000,4.602059991
wgi,23,17,10,7,6,6,6,0,trng,Chimbu,#VALUE!,144:40:00,39000,4.591064607
wic,29,21,6,15,8,8,4,0,cadd,Caddoan,34:20:00,#VALUE!,1,0
wim,23,13,8,5,10,10,5,0,aust,Pama-Nyungan,#VALUE!,141:50:00,840,2.924279286
wit,35,30,5,25,5,5,5,0,penu,Wintuan,40:00:00,#VALUE!,5,0.698970004
wms,26,16,8,8,10,5,5,0,trng,Awju-Dumut,#VALUE!,140:30:00,3000,3.477121255
wnc,21,14,11,3,7,7,7,0,trng,Finisterre-Huon,#VALUE!,146:30:00,8200,3.913813852
wnu,20,14,7,7,6,6,6,0,trng,Madang,#VALUE!,145:20:00,1400,3.146128036
wob,48,15,3,12,27,27,9,6,ncon,Kru,7:25,#VALUE!,156000,5.193124598
woc,20,15,7,8,5,5,5,0,anes,,#VALUE!,144:05:00,1620,3.209515015
woi,28,16,10,6,12,12,12,0,trng,Greater Alor,#VALUE!,124:45:00,16500,4.217483944
wol,40,26,11,15,14,14,7,0,ncon,Northern Atlantic,15:30,-16:0,3930000,6.59439255
wos,23,16,7,9,7,7,7,0,sepr,Middle Sepik,#VALUE!,142:50:00,7200,3.857332496
wrs,22,13,9,4,9,9,9,0,trng,Border,#VALUE!,141:05:00,2500,3.397940009
wti,29,24,14,10,5,5,5,0,nsah,Berta,10:15,34:40:00,125000,5.096910013
wtm,50,30,9,21,20,20,10,0,ieur,,,,5.00E+06,6.698970004
wuu,41,29,9,20,9,9,6,3,sitb,Chinese,31:40:00,119:55:00,77200000,7.8876173
wwa,41,13,4,9,25,25,7,3,ncon,Gur,10:35,1:40,50000,4.698970004
wya,17,11,4,7,6,6,4,0,iroq,Northern Iroquoian,44:20:00,#VALUE!,24,1.380211242
wyb,18,15,10,5,3,3,3,0,aust,Pama-Nyungan,-31:0,147:15:00,12,1.079181246
xaw,31,25,12,13,6,6,6,0,utaz,Numic,36:30:00,#VALUE!,5,0.698970004
xmf,35,30,5,25,5,5,5,0,kart,Kartvelian,42:30:00,42:00:00,5.00E+05,5.698970004
xmt,20,15,6,9,5,5,5,0,anes,,-2:0,130:00:00,1250,3.096910013
xom,31,23,7,16,8,8,8,0,nsah,Koman,9:00,34:00:00,10000,4
xon,42,22,9,13,12,12,6,8,ncon,Gur,9:55,0:05,5.00E+05,5.698970004
xpe,49,32,11,21,14,14,7,3,ncon,Western Mande,7:00,-10:0,487000,5.687528961
xrb,26,16,7,9,7,7,7,3,ncon,,10:30,#VALUE!,35000,4.544068044
xsm,40,19,7,12,20,20,10,1,ncon,Gur,11:10,#VALUE!,120000,5.079181246
xsu,24,11,4,7,13,13,7,0,yano,Yanomam,4:00,#VALUE!,4610,3.663700925
xtc,32,23,8,15,7,7,7,2,nsah,Kadugli,11:05,29:30:00,75000,4.875061263
xub,37,22,9,13,15,12,6,0,drav,Southern Dravidian,11:45,76:30:00,32000,4.505149978
xwa,45,29,8,21,16,16,9,0,_xwa,,,,25,1.397940009
xxk,30,24,11,13,6,6,6,0,anes,Central Malayo-Polynesian,#VALUE!,121:15:00,40000,4.602059991
yad,23,11,5,6,12,12,6,0,pbya,Peba-Yaguan,#VALUE!,-72:0,5690,3.755112266
yal,33,19,8,11,14,14,7,0,ncon,,10:00,-11:0,55500,4.744292983
yam,38,26,7,19,8,8,8,4,ncon,Bantoid,6:27,11:00,40800,4.610660163
yap,44,28,11,17,16,16,8,0,anes,Yapese,9:30,138:10:00,6590,3.818885415
yaq,22,17,6,11,5,5,5,0,utaz,Cahita,27:45:00,#VALUE!,14000,4.146128036
yas,26,15,5,10,7,7,7,4,ncon,Bantoid,4:40,11:15,35000,4.544068044
yat,28,18,7,11,8,8,8,2,ncon,,4:50,10:55,3700,3.568201724
ybb,35,21,6,15,8,8,8,6,ncon,Bantoid,5:27,10:00,3.00E+05,5.477121255
ycn,21,16,7,9,5,5,5,0,arwk,Arawakan,0:45,-71:0,1800,3.255272505
ydd,47,38,12,26,9,6,6,0,ieur,Germanic,51:45:00,19:25,215000,5.33243846
yer,32,26,12,14,6,6,6,0,ncon,Platoid,9:00,10:00,3.00E+05,5.477121255
yey,90,77,18,59,13,13,5,0,ncon,Bantoid,#VALUE!,22:35,20000,4.301029996
ygr,23,14,4,10,9,5,5,0,trng,Eastern Highlands,#VALUE!,145:25:00,21100,4.324282455
yii,16,13,9,4,3,3,3,0,aust,Pama-Nyungan,#VALUE!,146:15:00,12,1.079181246
ykg,26,20,12,8,6,6,6,0,yuka,Yukaghir,69:00:00,154:20:00,90,1.954242509
yll,23,12,7,5,11,7,7,0,torr,Wapei-Palei,#VALUE!,142:10:00,2470,3.392696953
yor,29,18,6,12,11,11,7,0,ncon,Defoid,8:00,4:00,18900000,7.276461804
yrb,18,13,5,8,5,5,5,0,trng,Yareban,#VALUE!,148:35:00,750,2.875061263
yre,45,23,7,16,18,18,9,4,ncon,,7:00,#VALUE!,24600,4.390935107
yrk,34,26,11,15,8,8,5,0,urlc,Samoyedic,66:30:00,70:00:00,31300,4.495544338
yss,20,16,10,6,4,4,4,0,sepr,Tama Sepik,#VALUE!,142:35:00,1990,3.298853076
yua,30,20,7,13,10,10,10,0,maya,Mayan,19:15,#VALUE!,7.00E+05,5.84509804
yuc,49,38,8,30,11,11,6,0,_yuc,Yuchi,35:30:00,#VALUE!,50,1.698970004
yue,32,22,9,13,5,5,5,5,sitb,Chinese,23:00,113:00:00,5.20E+07,7.716003344
yul,42,35,15,20,7,7,7,0,nsah,Bongo-Bagirmi,8:55,22:50,4000,3.602059991
yum,38,28,11,17,10,10,5,0,hoka,Yuman,33:00:00,#VALUE!,150,2.176091259
yur,35,23,7,16,12,12,6,0,algi,Yurok,41:20:00,124:00:00,12,1.079181246
yux,33,21,9,12,12,12,6,0,yuka,Yukaghir,64:20:00,154:20:00,30,1.477121255
yuz,25,18,7,11,7,7,7,0,_yuz,Yuracare,#VALUE!,#VALUE!,2680,3.428134794
yva,19,14,6,8,5,5,5,0,geba,Yawa,#VALUE!,136:15:00,6000,3.77815125
ywn,18,14,5,9,4,4,4,0,pano,,-9:0,#VALUE!,450,2.653212514
zab,47,29,12,17,18,18,18,0,otma,Zapotecan,16:54,#VALUE!,28000,4.447158031
zmr,24,19,11,8,5,5,5,0,aust,Western Daly,#VALUE!,130:10:00,15,1.176091259
zne,35,19,6,13,16,16,8,0,ncon,Ubangi,4:15,26:00:00,730000,5.86332286
zoc,22,16,6,10,6,6,5,0,mizo,Mixe-Zoque,17:03,#VALUE!,10000,4
zoh,26,20,7,13,6,6,6,0,mizo,Mixe-Zoque,16:48,#VALUE!,4500,3.653212514
zpq,66,29,10,19,32,15,15,5,otma,Zapotecan,17:15,#VALUE!,1000,3
zsm,27,21,6,15,6,6,6,0,anes,Malayic,,,1,0
ztp,30,23,9,14,7,7,7,0,otma,,16:04,#VALUE!,75000,4.875061263
zts,30,22,6,16,6,6,6,2,otma,,16:47,#VALUE!,7000,3.84509804
zul,43,35,8,27,5,5,5,3,ncon,Bantoid,-29:0,30:00:00,9980000,6.999130541
zun,54,44,10,34,10,10,5,0,_zun,Zuni,34:55:00,109:00:00,9650,3.984527313